ville,adresse,date,prix,type,surface,operation,description
Rabat,Hay Nahda,10/03/2026,760000,Appartement,None,à vendre,Vente appartement hay Nahda fadiza
Casablanca,Bourgogne,12/02/2026,10000,Appartement,None,à louer,Appartement meublé
Casablanca,Maarif,14/02/2026,1400000,Appartement,110,à vendre,65540 Vente Appt à Casablanca Hopitaux de 110 m²
Casablanca,Racine,25/02/2026,16000,Local,None,à louer,LOCAL COMMERCIAL 68M A LOUER À RACINE
Rabat,Souissi,19/02/2026,11500000,Villa,None,à vendre,Vente villa Souissi à démolir
Casablanca,Oulfa,11/02/2026,4000,Appartement,110,à louer,Appartement à louer 110 m² à Casablanca
Asilah,Toute la ville,01/02/2026,580000,Appartement,None,à vendre,Appartement à vendre à Asilah
Marrakech,Mabrouka,12/02/2026,5000,Appartement,None,à louer,Appartement à louer Marrakech Quartier Mabrouka
Marrakech,Les Portes de Marrakech,25/02/2026,350000,Appartement,None,à vendre,Appartement à Vendre 2 chambres à Doha
Marrakech,M'Hamid,05/02/2026,440000,Appartement,None,à vendre,Appartement en bas propre et peint 3ch 44 million
Kénitra,Mimosas,03/02/2026,4000,Appartement,None,à louer,Appartement meublé
Kénitra,El Haddada,05/02/2026,660000,Appartement,None,à vendre,Appartement à vendre 3 chambres El Hadada
Marrakech,Autre secteur,05/03/2026,2400000,Villa,None,à vendre,177676 Vente Villa à Marrakech Palmeraie Extension
Casablanca,Casablanca Finance City,08/05/2026,13000,Appartement,86,à louer,Appartement à louer 86 m² à Casablanca
Marrakech,Route de Tahanaoute,08/05/2026,8500000,Villa,None,à vendre,VILLA CONTEMPORAINE SUR LE GOLF DE NORIA
Benslimane,Autre secteur,08/05/2026,600000,Appartement,None,à vendre,Appartement ensoleillé dans un endroit magnifique près du golf
Rabat,Souissi,08/05/2026,6000,Terrain,None,à vendre,Terrain À Vendre À Souissi
Marrakech,Targa,19/02/2026,3600,Appartement,None,à louer,Appartement à louer sans intermédiaire
Mdiq,Toute la ville,10/02/2026,1200000,Appartement,None,à vendre,Appartement À Vendre à Al Cudia Smir
Marrakech,Assif,14/02/2026,1600000,Appartement,106,à vendre,137588 Vente Appt à Marrakech Assif de 106 m²
Rabat,Quartier de l'Océan,02/03/2026,12000,Appartement,None,à louer,Appartement meublé à louer à Rabat
Casablanca,Californie,10/02/2026,2150000,Appartement,124,à vendre,Appartement de 124 m² à Casablanca
Casablanca,Anfa,19/02/2026,23000,Appartement,None,à louer,À LOUER APPARTEMENT MEUBLÉ 4CH SL A TRIANGLE D OR
Rabat,Agdal,27/02/2026,1900000,Appartement,None,à vendre,appartement TGV rabat agdal sans intermédiaire
Rabat,Agdal,07/03/2026,23122000,Villa,1051,à vendre,Somptueuse Villa de Prestige sur 1051 m²
Casablanca,Maarif,03/02/2026,2500000,Local,75,à vendre,171084 Vente Local à Casablanca Hopitaux de 75 m²
Casablanca,Centre Ville,12/03/2026,6300,Appartement,None,à louer,Appart studio haut standing meublé
Mohammedia,Autre secteur,08/05/2026,1030000,Appartement,None,à vendre,APPART 91m 2FACES vue piscine à MARBELLA BEACH
Deroua,Toute la ville,05/03/2026,230000,Bureau,None,à vendre,Plateaux bureaux Deroua
Bouskoura,Victoria,14/02/2026,2140000,Terrain,None,à vendre,Terrain pour villa à vendre Mayssane
Casablanca,2 Mars,19/02/2026,2200000,Appartement,144,à vendre,Joli Appartement à vendre 144 m² à Casablanca
Casablanca,Sidi Belyout,10/02/2026,4200000,Appartement,253,à vendre,170907 Vente Appt à Casablanca Gauthier de 253 m²
Tanger,Zemmouri,12/03/2026,750000,Appartement,None,à vendre,Appartement de 3 pièces à vendre près des marchés Assalam
El Jadida,Autre secteur,05/03/2026,520000,Maison,None,à vendre,Maison en sous sol 2 façades 87 mètres à Jnane El Matar à vendre
Casablanca,Oulfa,19/02/2026,2500,Appartement,56,à louer,Appartement à louer 56 m² à Casablanca
Bouskoura,Ville verte,19/02/2026,4200000,Appartement,None,à vendre,Duplex à vendre à Ville Verte
Rabat,Hay Riad,12/03/2026,7500,Appartement,None,à louer,Studio meublé à louer à prestigia riad
Tanger,Branes 2,16/02/2026,3500,Appartement,None,à louer,Branes 2 proche de Omega 3
Marrakech,Route d'Ourika,14/02/2026,1500000,Villa,None,à vendre,Maison style riad avec piscine route d Ourika
Casablanca,Sidi Moumen,05/03/2026,500000,Local,None,à vendre,Agdal Sidi Moumen
Casablanca,La Gironde,08/05/2026,6500,Appartement,None,à louer,Superbe appartement meublé à louer La Gironde
Marrakech,Guéliz,02/03/2026,6000,Appartement,None,à louer,Joli duplex ensoleillé le matin
Fès,Centre,05/03/2026,900000,Appartement,120,à vendre,Appartement à vendre 120 m² à Fès
Marrakech,Ain Mezouar,08/05/2026,4000,Appartement,None,à louer,Appartement vide à louer
Casablanca,Maarif,03/02/2026,2200000,Appartement,None,à vendre,169899 Vente Appt à Casablanca Les Princesses de 1
Casablanca,Almaz,25/02/2026,5500,Appartement,None,à louer,Appartement à louer
Casablanca,Derb Omar,25/02/2026,6500,Bureau,None,à louer,Bureau 130m2 près de Chimicolour
Temara,Autre secteur,12/03/2026,700000,Local,None,à vendre,Magasin commercial à vendre TEMARA de 46 m chouka
Marrakech,Route de Casablanca,12/02/2026,7500,Appartement,None,à louer,Appartement avec piscine près de McDonald s à louer mensuellement
Marrakech,Route de Casablanca,09/03/2026,6500000,Terrain,None,à vendre,Terrain industriel à vendre RT de Casa Marrakech
Marrakech,Route de Casablanca,10/02/2026,1200000,Appartement,85,à vendre,Appartement avec piscine 85 m² à Marrakech
Meknès,Wislane,15/03/2026,345000,Terrain,None,à vendre,Terrain à vendre opportunité à Meknès
Temara,Autre secteur,05/03/2026,22000,Local,None,à louer,Local commercial proche de RIF 2 et proche de la clinique Tarek Ben Ziad
Cabo Negro,Toute la ville,03/02/2026,360000,Appartement,None,à vendre,Très beau studio à vendre
Marrakech,Hay Izdihar,27/02/2026,5800,Appartement,47,à louer,47 m²
Casablanca,Ain Sebaa,25/02/2026,53000000,Terrain,None,à vendre,Terrain à vendre a Chafchaouni
Settat,Toute la ville,05/03/2026,24000000,Terrain,None,à vendre,3 Terrain titré dans le périmètre urbain à Settat
Azilal,Toute la ville,05/02/2026,700000,Terrain,None,à vendre,Projet de hammam public
Rabat,Hay Al Farah,19/02/2026,6000,Appartement,None,à louer,Appartement meublé à louer
Fès,Hay Atlas,07/03/2026,3500,Bureau,None,à louer,Bureaux lumineux presque neuf à louer
Casablanca,Aïn Chock,05/03/2026,4000,Appartement,None,à louer,Appartement excellent et magnifique à louer
Bouznika,Plage Oued Cherrat,18/03/2026,350000,Appartement,54,à vendre,Appartement à vendre 54 m² à Bouznika
Casablanca,2 Mars,25/02/2026,1700000,Appartement,109,à vendre,Appartement à vendre 109 m² à Casablanca
Rabat,Hay Riad,22/02/2026,9500,Appartement,None,à louer,Appartement meublé hay riad
Casablanca,Autre secteur,08/05/2026,690000,Appartement,67,à vendre,Appartement 67 m² à BOUSKOURA prix imbattable
Marrakech,Guéliz,16/02/2026,1650000,Appartement,None,à vendre,Appartement Tout Neuf Haut Standing Gueliz
Rabat,Agdal,05/02/2026,20000,Bureau,None,à louer,Plateau bureau moderne au centre agdal rabat
Marrakech,Route d'Ourika,16/02/2026,9500,Appartement,None,à louer,Charmant pavillon en location
Casablanca,Roches Noires,14/02/2026,1495000,Appartement,None,à vendre,63295 Vente Appt à Casablanca Ibn Tachfine de 116
Marrakech,Guéliz,08/02/2026,9000,Appartement,None,à louer,Appartement moderne meublé piscine guéliz
Rabat,Agdal,10/02/2026,6000,Appartement,None,à louer,studio pour location Agdal
Oujda,Hay El Qods,22/02/2026,3500,Appartement,None,à louer,Appartement à louer équipé
Casablanca,Palmier,07/03/2026,1078000,Appartement,None,à vendre,STUDIOS 1er étage PALMIER
Casablanca,Californie,12/02/2026,1200000,Appartement,None,à vendre,CMN AC 2083 Appartement à vendre à Californie
Casablanca,Californie,25/02/2026,16000000,Villa,2108,à vendre,Villa 2108 m² à retaper plein sud calme
Agadir,Hay Mohammadi,19/02/2026,5000,Appartement,None,à louer,Appartement meublé à louer
Marrakech,Guéliz,16/02/2026,7500,Appartement,None,à louer,Grand appartement en location
Oujda,Hay Lazaret,22/02/2026,290000,Appartement,None,à vendre,Appartement à saisir à vendre
Casablanca,Palmier,10/02/2026,5000,Local,None,à louer,magasin aménagé à palmier 32m2
Tifelt,Toute la ville,22/02/2026,500000,Terrain,None,à vendre,Terrain agricole à vendre
Marrakech,Autre secteur,10/02/2026,6990000,Villa,None,à vendre,157657 Vente Villa à Marrakech Route De Tahanaout
Marrakech,Guéliz,10/02/2026,1450000,Appartement,None,à vendre,Joli studio à vendre en face de Carré Eden
Temara,Autre secteur,05/03/2026,7500000,Terrain,None,à vendre,
Dar Bouazza,Toute la ville,07/03/2026,340000,Appartement,52,à vendre,Appartement à vendre 52 m² à Dar Bouazza
Marrakech,Route d'Amezmiz,22/02/2026,2200000,Villa,None,à vendre,Villa semi finie à vendre Route Amzmiz
Chefchaouen,Toute la ville,10/03/2026,550000,Terrain,None,à vendre,Terrain Chefchaoun
Larache,Toute la ville,08/05/2026,4100000,Terrain,None,à vendre,À 14 Km Nord de Larrache vue sur Mer
Tétouan,Al Mallalienne,25/02/2026,4000,Maison,None,à louer,Maisons à vendre et à louer à Tétouan dans des emplacements géographiques
Casablanca,Oulfa,08/02/2026,520000,Appartement,None,à vendre,Appartement à vendre Ferdaous Oulfa Casa
Cabo Negro,Toute la ville,01/02/2026,1300000,Appartement,67,à vendre,Appartement à vendre 67 m² à Cabo Negro
Tanger,Centre ville,02/03/2026,5480000,Terrain,548,à vendre,Terrain de 548m² zone villa en centre ville
Casablanca,2 Mars,27/02/2026,15000,Appartement,None,à louer,Appartement à louer meublé
Casablanca,Racine,27/02/2026,7300000,Appartement,None,à vendre,Vente Appartement de 553 m2 à Casablanca
Azemmour,Toute la ville,08/05/2026,1650000,Terrain,3200,à vendre,Terrain 3200 m² titré avec une villa
Marrakech,Hay Targa,14/02/2026,3300000,Villa,None,à vendre,Villa à vendre masmoudi
Bouskoura,Bouskoura centre,12/03/2026,30000,Villa,None,à louer,Villa à louer meublée à Lilas Park
Casablanca,Anfa,12/02/2026,15300000,Terrain,None,à vendre,121248 Vente Terrain à Casablanca Sindibad de 1007
Rabat,Hassan,15/03/2026,18000,Appartement,167,à louer,À Louer Grand Appartement 167 m² 3 Chambres
Skhinate,Toute la ville,01/02/2026,320000,Appartement,58,à vendre,Appartement à vendre 58 m² à Skhinate
Casablanca,Casablanca Finance City,08/05/2026,4200000,Appartement,170,à vendre,Appartement à vendre 170 m² à CFC
Casablanca,Racine,07/03/2026,1100000,Local,None,à vendre,Fonds de commerce à vendre salon de coiffure
Marrakech,Es Saada,08/05/2026,440000,Appartement,None,à vendre,Appartement à vendre Saada près de Marjane route de Casa en sous sol
Sidi Bouzid,Toute la ville,02/03/2026,100000,Maison,None,à vendre,Duplex sidi Bouzid Ensoleillé
Taza,Toute la ville,05/02/2026,520000,Terrain,None,à vendre,Terrain à vendre deux façades
Marrakech,Jnane Laafia,25/02/2026,1300000,Terrain,70,à vendre,TERRAIN 70m² TITRE A VENDRE
Tanger,Autre secteur,02/03/2026,5200,Appartement,None,à louer,Appartement à louer à cote du Bayti Sakan
Tanger,Centre ville,08/05/2026,10000,Appartement,120,à louer,Appartement à louer 120 m² à Avenue Fes à Tanger
Rabat,Hay Riad,10/02/2026,14500,Appartement,None,à louer,Appartement meublé à Prestigia
Casablanca,Beauséjour,02/03/2026,8500,Appartement,None,à louer,Appartement 2 Chambres à Louer CFC
Marrakech,Route d'Ourika,28/02/2026,12000,Maison,None,à louer,Maison de campagne avec piscine privée
Casablanca,Oulfa,10/02/2026,2500,Appartement,54,à louer,Appartement à louer 54 m² à Casablanca
Larache,Toute la ville,22/02/2026,550000,Terrain,None,à vendre,Terrain à vendre Hay Al Manar 2
Temara,Harhoura,12/03/2026,3231500,Terrain,281,à vendre,Vente terrain titré 281m² à 45m de la mer Harhoura
Casablanca,Al Qods,08/02/2026,190000,Local,None,à vendre,Magasin commercial titré à vendre
Marrakech,Targa,14/02/2026,3900000,Villa,None,à vendre,VILLA D EXCEPTION 7 CHAMBRES À VENDRE
Marrakech,Socoma,16/02/2026,100000,Terrain,None,à vendre,Terrain
Casablanca,Les Princesses,15/03/2026,1400000,Appartement,None,à vendre,Studio neuf à vendre à Casablanca les princesses
Rabat,Souissi,03/02/2026,10136000,Terrain,None,à vendre,Vente Terrain Souissi Rabat
Marrakech,Azli,15/03/2026,1450000,Maison,None,à vendre,Vends Maison 340m2 à Azli titrée rénovée
الدار البيضاء,Racine,10/03/2026,13500,Appartement,None,à louer,Appartement meublé
Casablanca,Belvédère,27/02/2026,4800,Appartement,None,à louer,Studio à louer Quartier Belvédère proche Gare
Casablanca,Sidi Bernoussi,25/02/2026,965000,Appartement,128,à vendre,Appartement à vendre 128 m² à Hay Qods Bernoussi
Agadir,Hay Mohammadi,08/02/2026,3300,Appartement,60,à vendre,Appartement à vendre 60 m² à Hay Mohammadi
Salé,Sala El Jadida,07/03/2026,1500000,Appartement,None,à vendre,Appartement neuf 128m2 cour 45m2 à Sala Al Jadida
Allyene,Toute la ville,08/02/2026,700000,Terrain,None,à vendre,Terrain en hauteur Melkia 955m2 entre fnideq Mdiq
Casablanca,Abdelmoumen,05/02/2026,5500,Appartement,None,à louer,Grand studio vide à louer bd Abdelmomen
Temara,Massira 1,27/02/2026,18500000,Local,None,à vendre,Bâtiment multi usages à prix attractif
Casablanca,Oasis,15/03/2026,8500,Appartement,None,à louer,Studio à louer meublé à Oasis
Marrakech,Agdal,07/05/2026,8600000,Villa,None,à vendre,Villa à vendre à Argan Golf
Temara,Autre secteur,12/03/2026,4900000,Maison,None,à vendre,MAISON COMMERCIALE AVEC GARAGE À VENDRE
Agadir,Hay Salam,10/02/2026,4500,Appartement,None,à louer,Appartement à louer Hay salam
Temara,Harhoura,05/02/2026,22000,Villa,None,à louer,Villa à louer
Marrakech,Hay Charaf,08/05/2026,420000,Appartement,None,à vendre,À VENDRE APPARTEMENT LUMINEUX
Essaouira,Toute la ville,05/02/2026,1000000,Appartement,68,à vendre,APPARTEMENT de 68 m² A VENDRE SUR ERRAWNAK
Casablanca,Anfa,25/02/2026,21000,Bureau,None,à louer,BUREAU 180M À LOUER SUR BOULEVARD D ANFA
Safi,Ourida 1 et 2,08/05/2026,600000,Maison,None,à vendre,Rare opportunité Maison à vendre avec local commercial prêt à l emploi
Casablanca,Maarif,25/02/2026,38000,Local,None,à louer,Gérez votre restaurant au cœur de Maarif
Bouznika,Autre secteur,07/03/2026,870000,Appartement,None,à vendre,Appartement à vendre à Bouznika
Tanger,Aouama Gharbia,12/02/2026,5000,Appartement,100,à louer,Appartement à louer 100 m² à Tanger
Marrakech,Route de Tahanaoute,10/03/2026,1300000,Terrain,None,à vendre,Vente Terrain Zone Villa Jumelée
Marrakech,Route d'Ourika,10/02/2026,120000,Terrain,None,à vendre,Terrain à vendre
Rabat,Hay Riad,18/02/2026,14000,Appartement,None,à louer,Appartement à louer à Hay Riad
Tanger,Marchane,25/02/2026,12500000,Terrain,530,à vendre,Terrain de 530m² zone immeuble marchan
Casablanca,Palmier,08/05/2026,10000,Appartement,70,à louer,À louer appartement Palmier 2ch terrasse de 70m²
Marrakech,El Moukef,11/02/2026,500000,Appartement,80,à vendre,Appartement à vendre 80 m² à Marrakech
Rabat,Souissi,12/03/2026,15900000,Villa,None,à vendre,jolie villa à l ambassadeur souissi
Casablanca,Les Princesses,25/02/2026,2400000,Local,None,à vendre,À VENDRE LOCAL À QURT PRINCESSES
Chichaoua,Toute la ville,07/03/2026,400000,Terrain,None,à vendre,Terrain agricole 23 hectares à vendre
Marrakech,Route d'Amezmiz,12/02/2026,650000,Appartement,None,à vendre,Appartement à Vendre 2 chambres à imane cherifia
Tétouan,Safir,08/02/2026,650000,Appartement,None,à vendre,APPARTEMENTS TITRÈ 110m2 À côté AV SAFIR TETOUAN
Casablanca,Racine,27/02/2026,2350000,Appartement,None,à vendre,Vente Appartement de 119 m2 à Casablanca
Marrakech,Route d'Amezmiz,08/05/2026,3500000,Maison,None,à vendre,Villa neuve à 5 minutes du nouveau Morocco Mall
Marrakech,Ancienne Médina,25/02/2026,6500000,Villa,None,à vendre,RIAD À RENOVER 288M² DANS LA MEDINA
Casablanca,Sidi Belyout,03/02/2026,9500,Appartement,None,à louer,173478 Appt à louer à 9500DH à Belvedere Sidi Bel
Casablanca,Californie,10/02/2026,36000,Villa,None,à louer,Villa a louer vide a Californe 4 chambre
Marrakech,Sakar,16/02/2026,1500000,Appartement,75,à vendre,Appartement à vendre 75 m² 4 piscines
Casablanca,2 Mars,08/05/2026,7800,Appartement,None,à louer,Appart avec 3 chambres sur 2 mars pour location
Salé,Said Hajji,12/03/2026,9500,Appartement,None,à louer,Appartement Haut Standing à Louer à Salé
Tamesna,Toute la ville,19/02/2026,2100000,Terrain,None,à vendre,Terrain Villa 627m2 chouka
Kénitra,El Haddada,01/02/2026,610000,Appartement,None,à vendre,Appartement à vendre 3 chambres El Hadada
Oujda,Najd,05/02/2026,420000,Terrain,None,à vendre,À Oujda Quartier Najd 1
Safi,Autre secteur,03/02/2026,1100000,Villa,None,à vendre,Villa semi finie titrée à vendre directement du propriétaire
Marrakech,Bab Ghmat,14/02/2026,2500000,Villa,None,à vendre,Riad Titré de 220m2 à Rénover 2 5MIL
Sidi Bouzid,Toute la ville,14/02/2026,700000,Appartement,84,à vendre,Appartement à vendre 84 m² à Sidi Bouzid
Temara,Riad Oulad Mtaa,16/02/2026,150000,Local,None,à vendre,Magasin de bijouterie à vendre
Casablanca,Maarif,14/02/2026,3900000,Appartement,None,à vendre,88400 Vente Appt à Casablanca Triangle D Or de 250
Fès,Ain Haroun,27/02/2026,2000000,Terrain,None,à vendre,Terrain agricole région Fès
Sidi Rahal,Toute la ville,08/05/2026,2250000,Villa,None,à vendre,Villa de standing à vendre Sidi Rahal
Rabat,Souissi,12/03/2026,18500000,Villa,None,à vendre,jolie villa angle neuve à souissi
Salé,Toute la ville,02/03/2026,23000,Villa,None,à vendre,Ville Aïn Aouda
Temara,Centre Ville,02/03/2026,6000,Local,None,à louer,Local commercial à louer
Tanger,Aida,16/02/2026,1280000,Appartement,124,à vendre,Appartement Aida Village 124 m² 128M
Marrakech,Arset Moulay Bouaazza,19/02/2026,2200000,Terrain,None,à vendre,À VENDRE Superbe Ferme Villa à 45 min
Marrakech,Daoudiate,12/02/2026,5400,Bureau,None,à louer,Bureau à louer adapté à toutes les activités à Daoudiate
Casablanca,Anfa,12/03/2026,9990,Appartement,140,à louer,Appartement à louer 140 m² à Casablanca
Had Soualem,Toute la ville,05/03/2026,1450000,Maison,None,à vendre,Maison à vendre à Had Soualem près du poste de la Gendarmerie Royale
Oujda,Sidi Yahya,10/02/2026,292500,Terrain,117,à vendre,Terrain titré à vendre 117 m²
Oujda,Bd Hassan II,05/03/2026,117000,Autre,None,à vendre,clio4 MODL2018 KLM146 OUJDA
Casablanca,Ain Sebaa,22/02/2026,12000,Local,None,à louer,joli magasin fini et prêt exploitation
Kénitra,La Ville Haute,15/03/2026,1800000,Appartement,None,à vendre,duplex à vendre
Kénitra,Maamora,16/02/2026,4500,Appartement,None,à louer,Appartement à louer Centre Ville Kénitra 3 chambres
Casablanca,Sidi Othmane,25/02/2026,5500,Bureau,None,à louer,Location bureau neuf
El Jadida,Autre secteur,02/03/2026,275000,Appartement,None,à vendre,Appartement 275000 dhs
Dakhla,Toute la ville,27/02/2026,250000,Terrain,None,à vendre,Terrain à vendre
Casablanca,Oulfa,05/03/2026,2200,Appartement,57,à louer,Appartement à louer 57 m² à Casablanca
Tanger,Centre ville,19/02/2026,12000,Appartement,None,à louer,Appartement à Tanger centre ville place Mozart
Tanger,Mghogha,14/02/2026,2500000,Local,136,à vendre,Local commercial de 136m² Mogogha El Kebira
Casablanca,Maarif,12/02/2026,1350000,Bureau,None,à vendre,Bureau à vendre sur Bir Anzaran Casablanca
Casablanca,Oulfa,19/02/2026,2300,Appartement,54,à louer,Appartement à louer 54 m² à Casablanca
Tanger,Administratif,27/02/2026,7000,Bureau,None,à louer,bureau à louer au centre ville de Tanger
Fès,Sehrij Gnawa,16/02/2026,60000,Local,None,à vendre,Magasin à vendre
Marrakech,Route de Safi,25/02/2026,6500,Appartement,None,à louer,Appartement à louer
Tétouan,Autre secteur,05/03/2026,22000,Local,None,à vendre,Magasins à vendre sur la rue principale
Casablanca,Belvédère,07/03/2026,6000,Appartement,45,à louer,Appartement à louer 45 m² à Casablanca
Tanger,Marjane,14/02/2026,5999,Appartement,None,à louer,Appart neuf meublé 2 chambres WiFi Parking incl
Marrakech,Ain Mezouar,02/03/2026,5000,Appartement,None,à louer,Appartement semi vide à louer pour longue durée
Casablanca,Sidi Maarouf,10/02/2026,4200,Appartement,None,à louer,Appartement à louer à Sidi Maarouf
Agadir,Hay Mohammadi,13/03/2026,6500,Appartement,66,à louer,Appartement à louer 66 m² à Agadir
Casablanca,2 Mars,08/05/2026,120000,Autre,None,à vendre,À louer immeuble appart hôtel à 2 Mars
Casablanca,Hay Hassani,10/02/2026,14000,Appartement,None,à louer,150409 Appt à louer à 14000DH à Casablanca Finance
Agadir,Assaka,12/02/2026,2000,Local,None,à louer,Entrepôt à louer Stockage de marchandises uniquement N
Rabat,Souissi,19/02/2026,22000,Appartement,None,à louer,APPARTEMENT À LA LOCATION EAGLE HILLS
Casablanca,Quartier des Hôpitaux,09/02/2026,6500,Appartement,52,à louer,Appartement à louer 52 m² à Casablanca
Salé,Dar El Lhamra,05/03/2026,3000,Appartement,None,à louer,Appartement à louer à Dar Hamra
Salé,Bettana,07/03/2026,6000000,Terrain,None,à vendre,Terrain avec vue panoramique sur Rabat
Casablanca,Aïn Diab,25/02/2026,38000,Maison,None,à louer,À LOUER VILLA MODERNE À AIN DIAB
Rabat,Souissi,08/05/2026,12900000,Villa,None,à vendre,Villa à vendre Souissi Rabat
Tanger,Malabata,05/03/2026,2400000,Appartement,100,à vendre,Appartement à vendre 100 m² à Tanger
Casablanca,Quartier des Hôpitaux,07/05/2026,14000,Appartement,125,à louer,Appartement à louer 125 m² Casablanca Hôpitaux 2 Mars
Fès,Agdal,19/02/2026,615000,Bureau,None,à vendre,Sécurisez un Rendement Immédiat
Tiznit,Toute la ville,27/02/2026,300,Appartement,60,à louer,Appartements à louer 60 m² à Tiznit
Berrechid,Toute la ville,05/02/2026,10000000,Terrain,None,à vendre,Ferme équipée autoroute Berrechid Marrakech
Marrakech,Autre secteur,10/02/2026,12000,Appartement,None,à louer,163282 Appt à louer à 12000DH à Gueliz
Dar Bouazza,Toute la ville,12/02/2026,720000,Appartement,None,à vendre,DAR OU 1010 Appartement à vendre à Tamaris
Marrakech,Route d'Ourika,15/03/2026,6200000,Maison,None,à vendre,Villa standing Rte Ourika KM 12 Marrakech
Agadir,Haut-Founty,08/02/2026,6000,Appartement,None,à louer,Appartement à louer haut founty 6 000 dhm p m
Essaouira,Tafoukt,13/03/2026,4000,Appartement,None,à louer,Appartement à louer Terrasse accès private
Tifelt,Toute la ville,25/02/2026,350000,Terrain,120,à vendre,Terrain R plus 2 Commercial 120 m²
Fès,Narjis,15/03/2026,420000,Appartement,None,à vendre,Appartement à vendre
Tanger,Autre secteur,10/02/2026,5200,Appartement,93,à louer,Appartement Meublé à louer GZENAYA 93 m² à Tanger
Casablanca,Franceville,25/02/2026,11000,Local,None,à louer,Local aménagé au quartier Franceville
Tamaris,Toute la ville,05/02/2026,5500,Appartement,48,à louer,Appartement à louer 48 m² à Tamaris
Tanger,Centre,02/03/2026,25000,Local,None,à louer,local commercial à louer en plein centre ville
Mohammedia,La Siesta,01/02/2026,2850000,Appartement,166,à vendre,Appartement à vendre 166 m² à Mohammedia
Sidi Yahya Zaer,Toute la ville,01/02/2026,40000,Local,1000,à louer,Hangar logistique 1000 m² à louer
Ben Guerir,Toute la ville,08/05/2026,1600000,Local,None,à vendre,Café Restaurant équipé à vendre à Ben Guerir
Safi,Autre secteur,05/03/2026,480000,Terrain,None,à vendre,lots terrains à vendre acoté qods
Bouskoura,Victoria,08/05/2026,1700000,Terrain,300,à vendre,Lots de terrains à partir de 300m² à Bouskoura
Khénifra,Toute la ville,27/02/2026,500000,Terrain,None,à vendre,Terrain Villa Khénifra
Casablanca,Val Fleuri,15/03/2026,1800000,Appartement,135,à vendre,Appartement à vendre 135 m² à Casablanca
Casablanca,Sidi Bernoussi,11/02/2026,2000,Appartement,None,à louer,Apprt Alliance Bernoussi Qods
Rabat,Riyad,19/02/2026,13000,Appartement,None,à louer,Appartement d exception de 3 façades à Hay Riad
Casablanca,Oulfa,19/02/2026,1500,Appartement,15,location de vacances,Appartement colocation 15 m² à Casablanca
Benslimane,Autre secteur,08/05/2026,620000,Terrain,112,à vendre,Opportunité en or Terrain d angle 112m² à prix raisonnable
Kénitra,Centre,10/02/2026,200000,Local,None,à vendre,MAGASIN TANAGRA MALL
Casablanca,Oulfa,03/02/2026,2500,Appartement,50,à louer,Appartements à louer 50 m² à Casablanca
Kénitra,Maamora,12/02/2026,380000,Bureau,None,à vendre,Studio neuf proche de la gare
Casablanca,Riviera,10/02/2026,8500,Appartement,None,à louer,Appartement à louer avec Patio
Marrakech,Guéliz,12/03/2026,1500000,Appartement,None,à vendre,Centre Esthétique Médical Équipé Guéliz
Casablanca,Hay Hana,07/03/2026,3000000,Villa,None,à vendre,À VENDRE VILLA 160M DE HAY HANA
Mohammedia,Quartier du Parc,14/02/2026,5000,Appartement,None,à louer,Location d un studio vide spacieux
Mohammedia,Hassania 1,22/02/2026,2400,Appartement,60,à louer,Appartement à louer 60 m² à Mohammedia
Bouznika,Plage Oued Cherrat,19/02/2026,1300000,Appartement,None,à vendre,Appartement à vendre dans une résidence sécurisée
Marrakech,Route de Casablanca,07/03/2026,980000,Appartement,None,à vendre,Appartement à vendre à Madame Plaza
Safi,Hay essalam,11/03/2026,340000,Appartement,None,à vendre,Appartement à vendre à un prix très intéressant
Salé,Cité Militaire,08/05/2026,6900,Terrain,None,à vendre,Parcelles de terrain commerciales R 3 à Salé à partir de 6900 MAD
Sidi Bouknadel,Toute la ville,03/03/2026,1600,Appartement,None,à louer,moyen standing
Casablanca,Oulfa,12/03/2026,1400000,Appartement,None,à vendre,Appartement à vendre Maroc Jadid Limoun Oulfa
Casablanca,Centre Ville,27/02/2026,870000,Bureau,None,à vendre,Plateau bureau à vendre
Tiznit,Toute la ville,14/02/2026,2000000,Terrain,None,à vendre,Terrain petite ferme à vendre
Casablanca,Sidi Maarouf,08/05/2026,22100,Bureau,170,à louer,Bureau open space neuf à louer 170 m²
Tanger,Marjane,02/03/2026,520000,Appartement,75,à vendre,Appartement à vendre 75 m² à Tanger
Marrakech,Autre secteur,05/03/2026,15000000,Villa,2163,à vendre,117661 Vente Villa à Marrakech Targa de 2163 m²
Marrakech,Guéliz,08/05/2026,1140000,Appartement,60,à vendre,Studio de 60 m² à vendre à Marrakech
سلا,Sidi Abdellah,10/02/2026,2400000,Terrain,None,à vendre,Lot titre 290m2 R3 sidi Abellah salé
Tanger,Autre secteur,14/02/2026,15000,Local,None,à vendre,Local commercial à vendre Ibrahim Khalil Tanger
Meknès,Autre secteur,02/03/2026,540000,Appartement,None,à vendre,Joli Appartement à vendre jamais habité
Agadir,Abattoirs,07/05/2026,2200,Local,None,à louer,petit magasin
Casablanca,Abdelmoumen,12/03/2026,2700,Appartement,30,à louer,Appartement à louer 30 m² à Casablanca
Marrakech,Route d'Amezmiz,08/05/2026,698500,Appartement,39,à vendre,Appartement à vendre 39 m² à Marrakech
Berrechid,Toute la ville,27/02/2026,430000,Appartement,58,à vendre,Appartement 58m² 1er étage
Casablanca,Sidi Belyout,03/02/2026,1700000,Appartement,162,à vendre,173485 Vente Appt à Casablanca Fonciere de 162 m²
Fès,Ben Souda,05/03/2026,443000,Appartement,None,à vendre,Titre foncier
Settat,Toute la ville,15/03/2026,620000,Terrain,None,à vendre,Terrain pour villa 162 m2 Quartier Amani settat
Marrakech,Av Abdelkrim El Khattabi,25/02/2026,830000,Appartement,83,à vendre,Appartement à vendre 83 m² à Marrakech
Fès,Agdal,16/02/2026,80,Bureau,None,à vendre,Plateau à vendre
Houara Oulad Raho,Toute la ville,25/02/2026,850000,Villa,None,à vendre,3
Temara,Autre secteur,01/02/2026,6800000,Appartement,None,à vendre,Appartement excellent à vendre
Marrakech,Route d'Ourika,16/02/2026,3400000,Villa,None,à vendre,Villa de prestige mise en vente
Rabat,Riyad,08/05/2026,40000,Villa,None,à louer,Très belle Villa meublée avec piscine en location
Ben Guerir,Toute la ville,08/05/2026,520000,Appartement,None,à vendre,2 Appartements moyen standing à vendre Benguerir
Casablanca,Maarif,12/02/2026,3800000,Local,None,à vendre,170898 Vente Local à Casablanca Palmier Maarif d
Essaouira,Lahrarta,12/03/2026,850000,Terrain,None,à vendre,Terrain à vendre à lahrarta
El Jadida,Centre,05/02/2026,670000,Appartement,84,à vendre,Appartement à vendre 84 m² à El Jadida
Tanger,Centre ville,15/03/2026,1400000,Appartement,None,à vendre,Appartement 3 chambres 108 mètres garage piscine ascenseur Tanger Balia
Rabat,Guich Oudaya,10/02/2026,3500000,Local,None,à vendre,Magasin à vendre riad oulad metaa
Casablanca,Casablanca Finance City,08/02/2026,20000,Appartement,None,à louer,Location appartement vide 3 chambres à CFC
Rabat,Agdal,05/02/2026,1550000,Bureau,None,à vendre,Appartement bureau moderne au centre agdal
Agadir,Hay Mohammadi,12/03/2026,650000,Appartement,None,à vendre,Vendre appartement meublé neuf
Kénitra,La Ville Haute,07/03/2026,890000,Appartement,127,à vendre,Grand Appartement au premier étage127m² à Kénitra
Mdiq,Toute la ville,15/03/2026,3000000,Appartement,None,à vendre,Appartement Vue Sur Mer à Vendre Kabila Vista
Casablanca,Aïn Chock,05/03/2026,4000,Appartement,None,à louer,Appartement excellent à louer
Tamensourt,Toute la ville,05/03/2026,2800000,Maison,None,à vendre,Maison luxe 3 etages sous sol 120m2
Mohammedia,El Alia,02/03/2026,26000,Local,None,à louer,Magasin d angle à louer à Boulevard Mohamed VI
Rabat,Hassan,05/02/2026,8000,Bureau,None,à louer,Appartement bureau au centre ville Rabat
Marrakech,Route de Casablanca,07/03/2026,300000,Terrain,5000,à vendre,Terrain 5000 m² sur les montagnes de l Atlas à 22 minutes de Marrakech
Casablanca,Habous,12/03/2026,6000000,Terrain,708,à vendre,Terrain villa 708m² proche du palais royal Habbous
Casablanca,Les Princesses,05/03/2026,10000,Appartement,None,à louer,Studio premium à louer les princesses CASA
Sidi Abdallah El Bouchouari,Toute la ville,14/02/2026,560000,Terrain,90,à vendre,Terrain commercial en tête de jonction de 90m² à Sidi Allal El Bahraoui
Meknès,Wislane,07/03/2026,1000000,Maison,None,à vendre,Maison en très bon état
Béni Mellal,Toute la ville,03/02/2026,420000,Appartement,None,à vendre,Appartements Très Luxueux à vendre dans Tous les quartiers de la ville de Beni Mellal
Berrechid,Toute la ville,03/02/2026,3200000,Terrain,None,à vendre,Terrain agricole excellent à vendre
Casablanca,Maarif,01/02/2026,770000,Appartement,None,à louer,Appartement à vendre à Casablanca Beauséjour
Marrakech,Ain Mezouar,08/05/2026,1900000,Appartement,None,à vendre,Appartement Haut standing à vendre piscine
Casablanca,Hay Rajaa,10/02/2026,8381000,Terrain,None,à vendre,Terrain 493 m2 Façade Hay Raja Casablanca
Tanger,Autre secteur,05/03/2026,40000,Villa,None,à louer,Villa haute standing a loue et a vendre
Casablanca,Anfa,08/02/2026,7000,Appartement,None,à louer,Bel appartement à louer à Anfa
Salé,Bettana,07/02/2026,11000,Local,None,à louer,Café à louer
Rabat,Agdal,18/03/2026,2590,Appartement,None,à louer,Studio à louer Agdal
Safi,Autre secteur,09/03/2026,6000,Appartement,None,à louer,Bel appartement 120 m2
Temara,Ain Atig,01/02/2026,450000,Appartement,None,à vendre,Appartement à vendre à Ain Atiq
Marrakech,Guéliz,12/02/2026,12500,Appartement,None,à louer,Appartement très haut de gamme avec piscine et balcon à Guéliz
Casablanca,Gauthier,10/03/2026,12000,Appartement,None,à louer,Appartement meublé
Tanger,Tanja Balia,16/02/2026,1650000,Appartement,None,à vendre,Magnifique appartement
Kénitra,Centre,01/02/2026,4000,Appartement,None,à louer,Appartement à louer en face de l école Abdel Malik Saadi
Casablanca,Maarif,07/03/2026,6000,Appartement,None,à louer,Studio meublé Maarif
Casablanca,Roches Noires,02/03/2026,4500,Appartement,None,à louer,Appartement à louer Picasso Roches noires
Casablanca,Oulfa,12/03/2026,480000,Appartement,None,à vendre,CMN AN 1913 Appartement à vendre à Oulfa
Agadir,Haut-Founty,08/03/2026,6000,Appartement,None,à louer,Appartement à Haut founty
Tanger,Malabata,16/02/2026,9500000,Villa,None,à vendre,Villa neuve à louer
Casablanca,Mers Sultan,03/02/2026,1400000,Appartement,None,à vendre,172801 Vente Appt à Casablanca La Gironde de 127 m
Casablanca,Oulfa,08/02/2026,6200000,Villa,None,à vendre,Villa à vendre à oulfa
Agadir,Founty,08/05/2026,2750000,Appartement,102,à vendre,Appartement à vendre 102 m² à Agadir
Marrakech,Route d'Amezmiz,07/05/2026,3500000,Villa,None,à vendre,Villa moderne à 5 minutes de Morocco mall
El Mansouria,Toute la ville,08/05/2026,10000,Terrain,426,à vendre,Terrain 426 m² titré Mansbay 1 min plage
Marrakech,Allal El Fassi,12/03/2026,1000000,Appartement,None,à vendre,Allal Al Fassi sur la rue principale
Sidi Kacem,Toute la ville,08/05/2026,2250000,Autre,None,à vendre,Maison Hay Mimouna
Casablanca,Abdelmoumen,08/05/2026,8500,Bureau,None,à louer,Bureau neuf à abdelmoumen pour location
Casablanca,Sidi Bernoussi,12/03/2026,350000,Appartement,None,à vendre,Appartement 56 m Greenpark Barnoussi cession
Sidi Kacem,Toute la ville,07/03/2026,1800,Appartement,None,à louer,Appartement à louer
Sidi Rahal,Toute la ville,08/05/2026,1000000,Terrain,None,à vendre,Hectare 10000 m2 titré Sidi Rahal
Casablanca,Maarif,19/02/2026,1280000,Appartement,None,à vendre,Studio 64m Neuf A Maarif Ex
Casablanca,Anfa,10/02/2026,3000000,Appartement,189,à vendre,160443 Vente Appt à Casablanca Sindibad de 189 m²
Salé,Toute la ville,08/02/2026,2800,Appartement,None,à louer,Appartement à louer
Marrakech,Annakhil,02/03/2026,750000,Terrain,None,à vendre,Terrain titré 2 6 hectares Route de SidiBouOthmane
Casablanca,Les Princesses,08/05/2026,6000,Appartement,52,à louer,Un beau Studio 52m² Quartier les princesses
Temara,Riad Oulad Mtaa,05/02/2026,1450000,Appartement,None,à vendre,Appartement à vendre cgi oulad mtaa
Casablanca,Les Princesses,10/03/2026,7200,Appartement,None,à louer,Studio Neuf Meublé en location Les Princesses
Béni Mellal,Toute la ville,05/02/2026,150000,Terrain,None,à vendre,Aghram Laalam
Ain Aouda,Toute la ville,16/02/2026,800000,Terrain,None,à vendre,Vente de Terrain Villas
Tétouan,Mhannech,14/02/2026,714000,Appartement,None,à vendre,Appartement équipé à vendre propriété titrée et conservée 84 mètres
Casablanca,Anfa,10/02/2026,14500000,Villa,516,à vendre,162864 Vente Villa à Casablanca Ain Diab de 516 m²
Casablanca,Triangle d'Or,12/02/2026,4050000,Appartement,222,à vendre,Bel Appartement de 222m² au Triangle d Or
Temara,Wifak,16/02/2026,4300,Appartement,None,à louer,Appartement à louer Temara Wifak
Essaouira,Borj,02/03/2026,4000,Appartement,None,à louer,Appartement à louer au mois jusqu au mois de juin à Essaouira
Rabat,Hay Riad,21/03/2026,50000,Local,None,à louer,Magasin pour Pâtisserie Boulangerie à Hay Ryad
Agadir,Tamraght,25/02/2026,1800000,Maison,None,à vendre,Maison commerciale Tamraght
Casablanca,Sidi Moumen,10/03/2026,2600000,Maison,None,à vendre,Maison à vendre à Tajeziat Jawhara Sidi Moumen
Casablanca,Ain Sebaa,12/02/2026,6500,Appartement,None,à louer,Luxious Meublé 2Filles ou 2hommes Célibataires
Fès,Ouled Tayeb,10/03/2026,260000,Appartement,None,à vendre,Appartement meublé et équipé à vendre
Rabat,Taqaddoum,19/02/2026,3500,Appartement,75,à louer,Appartement à louer takadom 75m² étudiant
Agadir,Hay Massira,02/03/2026,2000000,Appartement,None,à vendre,Bijou de 3ch et 116m
Rabat,Hay Riad,08/05/2026,45000,Villa,None,à louer,Villa 814 m meublée à Hay Riad
Marrakech,Guéliz,08/05/2026,1500000,Appartement,61,à vendre,Appartement en vente 61m² à Gueliz Piscine Rooftop
Fès,Route de Sefrou,15/03/2026,3500,Bureau,None,à louer,Bureau à louer
Casablanca,2 Mars,08/05/2026,25000,Local,None,à louer,À louer local commercial en plein 2 Mars
Tanger,Boukhalef,12/03/2026,3800,Appartement,None,à louer,appartement à louer
Tanger,Tanger City Center,05/02/2026,1981500,Appartement,99,à vendre,Appartement à vendre 99 m² à côté de la gare TGV
Rabat,Agdal,21/03/2026,8500,Local,None,à louer,Local commercial en demi sous sol à l Agdal
Guercif,Toute la ville,10/03/2026,500000,Terrain,None,à vendre,Terrain titré lotissement Rahma 1 Guercif
Casablanca,Les Princesses,10/02/2026,1500000,Appartement,None,à vendre,CMN AC 2081 Appartement à vendre à Les princesses
Casablanca,Bourgogne,12/02/2026,8000,Local,None,à louer,Magasin commercial
Marrakech,Allal El Fassi,16/02/2026,7500,Bureau,None,à louer,Plateau bureau professionnel
Marrakech,Route d'Amezmiz,08/05/2026,17000,Local,None,à louer,Hangar 500 m2 et Terrain 8000 m2 Route Amizmiz
Kénitra,La Ville Haute,12/02/2026,660000,Appartement,None,à vendre,Appartement de luxe bien équipé avec cuisine
Tanger,Iberie,25/02/2026,295000,Local,None,à vendre,Local commercial
Salé,Toute la ville,10/02/2026,1000000,Terrain,None,à vendre,Lot R3 titre 155m2 al montazeh salé
Tanger,Ahlane,07/03/2026,5000,Appartement,None,à louer,Opportunité à Tanger localisation
Marrakech,Hivernage,10/02/2026,2500000,Appartement,146,à vendre,111060 Vente Appt à Marrakech Hivernage de 146 m²
Tanger,Jbel Kbir,08/05/2026,8000,Terrain,None,à vendre,Terrain 1750m2 zone villa jbel kbir
Safi,Autre secteur,05/03/2026,520000,Terrain,None,à vendre,Terrain à vendre
Casablanca,Les Princesses,05/02/2026,8500,Appartement,44,à louer,Appartement à louer 44 m² à Casablanca
Marrakech,Hay Charaf,15/03/2026,15000,Appartement,None,à vendre,Magnifique appartement à vendre
Afourar,Toute la ville,27/02/2026,2800000,Maison,None,à vendre,Grande maison 3 étages Afourer
Casablanca,Oasis,15/03/2026,9000,Appartement,None,à louer,Appartement à louer à oasis
Tétouan,Taboula,10/03/2026,3700,Appartement,None,à louer,Appartement meublé à Taboula près de l hôtel Al Makarim
Marrakech,Route de Safi,12/03/2026,6000,Appartement,64,à louer,Appartement à louer 64 m² à Marrakech
Errachidia,Toute la ville,20/02/2026,180000,Terrain,None,à vendre,Terrain Adlia à vendre
Salé,Toute la ville,27/02/2026,380000,Terrain,4000,à vendre,Terrain de 4000m² avec puits équipé d une pompe et transformateur
El Jadida,Biranzarane,03/02/2026,500000,Appartement,63,à vendre,Appartement à vendre 63 m² à El Jadida
Rabat,Souissi,08/05/2026,15000000,Villa,None,à vendre,Magnifique villa en vente à Souissi
Casablanca,Racine,14/02/2026,12000,Appartement,None,à louer,Appartement Vide à louer à Racine
Salé,Sala El Jadida,14/02/2026,5000,Appartement,None,à louer,Appartements à louer
Salé,Sala El Jadida,07/03/2026,2930000,Terrain,396,à vendre,Terrain villa à vendre 396 m² Sala Al Jadida
El Jadida,Hay Essalam,27/02/2026,3500,Appartement,None,à louer,Duplex moderne
Berrechid,Toute la ville,19/02/2026,2500000,Terrain,None,à vendre,Ferme 15000m villa 300 m oliviers
Casablanca,Belvédère,12/02/2026,1250000,Appartement,None,à vendre,CMN AI 1074 Appartement à vendre à Belvédère
Dar Bouazza,Toute la ville,16/02/2026,6800,Appartement,None,à louer,studio bien meublé et calme a dar bouazza
Agadir,Secteur Touristique,19/02/2026,3700000,Appartement,None,à vendre,Duplex à vendre a Taghazout Bay Vu Mer
Fès,Centre,10/02/2026,5500,Appartement,None,à louer,grand appartement central
Casablanca,Sidi Belyout,12/02/2026,120000,Local,None,à louer,148854 Local à louer à 120000DH à Alsace Loraine
Berrechid,Toute la ville,25/02/2026,540000,Appartement,62,à vendre,Appartement à vendre 62 m² à Berrechid
Casablanca,Bourgogne,08/05/2026,1800000,Appartement,None,à vendre,Appartement à vendre BD Tan Tan Bourgogne
Casablanca,Sidi Othmane,15/03/2026,1200000,Maison,None,à vendre,Titre Foncier
Casablanca,Bourgogne,02/03/2026,1600000,Appartement,None,à vendre,Appartement à vendre Bourgogne
Marrakech,Hay Al Massar,12/02/2026,5000,Local,None,à louer,Local commercial rénové à louer convient à toutes les activités
Casablanca,2 Mars,14/02/2026,2500000,Appartement,177,à vendre,Appartement à vendre 177 m² à Casablanca
Marrakech,Azli,01/02/2026,180000,Appartement,15,à vendre,Appartement à vendre 15 m² à Marrakech
Casablanca,Oasis,14/02/2026,8000,Appartement,None,à louer,Studio bien ensoleillé
Temara,Autre secteur,12/03/2026,1390000,Appartement,111,à vendre,Appartement à vendre 111 m² à Temara
Temara,Ain Atig,14/02/2026,700000,Appartement,None,à vendre,Appartement 73 mètres à vendre excellent encore neuf jamais habité
Marrakech,Targa,02/03/2026,4300,Appartement,64,à louer,Appartement à louer 64 m² à Marrakech
Marrakech,Route d'Ourika,16/02/2026,7000,Appartement,None,à louer,Appartement résidence golfique en location
Casablanca,Bachkou,07/03/2026,8000,Appartement,100,à louer,Appartement à louer 100 m² à Casablanca
Casablanca,Anfa,27/02/2026,13500000,Terrain,None,à vendre,TERRAINS À VENDRE À ANFA 1000M
Casablanca,Maârif Extension,27/02/2026,3400000,Appartement,None,à vendre,Appartement dernier étage sans vis à vis
Casablanca,Ain Sebaa,08/05/2026,4500,Appartement,None,à louer,Prés de clinique akditel Apprt meublé ain sbaa
Dar Bouazza,Toute la ville,10/03/2026,12000,Appartement,None,à louer,Appart meublé 3 Chambre une résidence balnéaires
Tanger,Moulay Youssef,16/02/2026,2400000,Appartement,133,à vendre,Appartement à vendre 133 m² à Tanger
Temara,Autre secteur,02/03/2026,23000,Maison,None,à vendre,A vendre en bon état ville de Aïn Aouda prix 23000
Meknès,Bele Vue,02/03/2026,2700,Appartement,120,à louer,Appartement à louer 120 m² à Meknès
Tanger,Branes 2,27/02/2026,7000,Appartement,None,à louer,Appartement meublé 2 chambres Branes 2 et parking
Casablanca,Oulfa,22/02/2026,350000,Appartement,None,à vendre,Appartement Oulfa Azhar
Salé,Sala El Jadida,27/02/2026,960000,Appartement,None,à vendre,Bel appartement bien ensoleillé
Fès,Route Ain Chkaf,02/03/2026,2000000,Maison,None,à vendre,Magnifique villa Ain chkef Al Jinane
Agadir,Hay Mohammadi,12/02/2026,5500000,Villa,None,à vendre,VILLA D EXCEPTION BIEN RARE à VENDRE
Béni Mellal,Toute la ville,05/02/2026,760000,Appartement,None,à vendre,Quartier Raed près de l institution Raed pour l éducation
Marrakech,Autre secteur,10/02/2026,2900000,Villa,None,à vendre,17549 Vente Villa à Marrakech Route De L Ourika T
Tanger,Achakar,16/02/2026,2500000,Maison,None,à vendre,demi villa
Marrakech,Route de Fès,08/05/2026,850000,Villa,None,à vendre,Villa titrée à vendre 16 km de Marrakech
Benslimane,Autre secteur,18/03/2026,6500000,Terrain,None,à vendre,Ferme à vendre
Salé,Toute la ville,10/02/2026,900000,Terrain,None,à vendre,Ter titre 1ha Ain johra el alwa tiflet
Rabat,Hay Nahda,03/02/2026,4000,Appartement,None,à louer,bel étage à louer pour célibataire nahda 1
Marrakech,Agdal,05/03/2026,2390,Bureau,None,à louer,Espace de coworking à Marrakech M Avenue
Marrakech,Route de Casablanca,07/03/2026,8000,Appartement,None,à louer,Appartement meublé en Longue durée à Marrakech
Oujda,Hay Lazaret,01/02/2026,670000,Maison,None,à vendre,Maison à vendre
Bouskoura,Bouskoura centre,10/02/2026,1360000,Local,None,à vendre,local commercial à vendre
Casablanca,Beauséjour,07/03/2026,6100,Appartement,100,à louer,Appartement meublé 100m² Beauséjour
Marrakech,Route de Casablanca,22/02/2026,600000,Appartement,None,à vendre,Appartement à Vendre situé à coté de Marjan
Fès,Oued Fès,02/03/2026,380000,Appartement,None,à vendre,Appartement à vendre à Oued Fès
Rabat,Autre secteur,07/03/2026,29000,Villa,None,à louer,Villa meublée en location à Sid el abed
Tanger,Centre ville,08/05/2026,9500000,Local,350,à vendre,Local commercial 1 350 m² Av Moulay Ismail
Rabat,Hay Riad,16/02/2026,5500000,Appartement,None,à vendre,Bel appartement à hay riad rabat
Casablanca,Palmier,08/05/2026,20000,Appartement,None,à louer,À louer Appartement Moderne 3ch Palmier Bijou
Casablanca,Ain Sebaa,10/02/2026,980000,Appartement,93,à vendre,Appartement à vendre 93 m² à Casablanca
Casablanca,Maarif,08/05/2026,3800000,Appartement,199,à vendre,Appartement à vendre 199 m² à Boulevard Zerktouni
Marrakech,Route de Safi,03/02/2026,3500,Appartement,None,à louer,Appartement meublé à louer à Mabrouka
Casablanca,Maarif,12/02/2026,6500,Appartement,None,à louer,169673 Appt à louer à 6500DH à Oasis
Marrakech,Hivernage,12/02/2026,12000,Appartement,None,à louer,Appartement avec une belle vue à Hay Chitaoui
Oujda,CGI,08/02/2026,250000,Terrain,None,à vendre,Très beau terrain à vendre
Rabat,Hay Riad,21/03/2026,60000,Local,None,à louer,Local commercial à louer de 200 m avenue annakhil
Bouskoura,Ville verte,08/05/2026,3950000,Villa,None,à vendre,Superbe duplex entrée indépendante grande terrasse
Chichaoua,Toute la ville,07/03/2026,700000,Terrain,None,à vendre,Ferme de 4 hectares à vendre à chichaoua
Tanger,Boukhalef,05/03/2026,16000,Terrain,None,à vendre,2 Terrains Titrés boukhalef à vendre
Casablanca,Ain Sebaa,15/03/2026,4200,Appartement,None,à louer,Extra Meublé 2Filles ou 2hommes Célibataires
Casablanca,Hay Mohammadi,05/02/2026,2000,Appartement,None,à louer,Appartement à louer à Hay Mohammadi
Fès,Autre secteur,05/02/2026,7000000,Autre,None,à vendre,betosekkat
Casablanca,Maarif,03/02/2026,1600000,Appartement,112,à vendre,171812 Vente Appt à Casablanca Maarif de 112 m²
Marrakech,M'Hamid,27/02/2026,800000,Terrain,None,à vendre,Sas commercial Al Mahamid 9
Tanger,Autre secteur,19/02/2026,15000,Local,None,à louer,HANGAR SEMI COUVERT AVEC 380Kw
Tétouan,Route de Ceuta,15/03/2026,400,Appartement,None,à vendre,Appartement à louer à la journée
Casablanca,Ain Sebaa,16/02/2026,4000,Appartement,None,à louer,Appartement à louer acdital Ain sbaa
Temara,Wifak,08/05/2026,9000,Appartement,None,à louer,Dernières unités Apt neufs à louer pour médecins
Tanger,Mesnana,05/03/2026,1600000,Maison,None,à vendre,Maison à mesnana près de bayt sahafa à vendre
Tamensourt,Toute la ville,02/03/2026,1200000,Maison,None,à vendre,maison a vendre 3 appartements
Zemamra,Toute la ville,08/02/2026,280000,Terrain,None,à vendre,Terrain titré à Zemamra
Rabat,Hay Nahda,05/02/2026,3500,Appartement,None,à louer,Appartement maison R1 location a rabat
Agadir,Hay Salam,27/02/2026,50000,Local,None,à vendre,Fonds de commerce à céder
Marrakech,Route d'Ourika,16/02/2026,3000000,Appartement,110,à vendre,Appartement à vendre 110 m² à Marrakech
Tanger,Val Fleuri,08/05/2026,990,Villa,None,à vendre,Villa à vendre à Val Fleuri
Ben Guerir,Toute la ville,25/02/2026,7000,Appartement,96,à louer,Appartement à louer 96 m² à Ben Guerir
Casablanca,La Gironde,08/02/2026,860000,Appartement,None,à vendre,Quartier La Gironde
Kénitra,Maamora,02/03/2026,820000,Bureau,125,à vendre,Plateau bureau à vendre à Kenitra 125m²
Tamaris,Toute la ville,25/02/2026,12000,Maison,None,à louer,Villa avec piscine à Tamaris location
Agadir,Hay Salam,25/02/2026,6000,Appartement,None,à louer,Appartements à louer
Marrakech,Assif,10/02/2026,2800000,Villa,None,à vendre,Villa 4 Appartements
Bouskoura,Ville verte,14/02/2026,12000,Appartement,None,à louer,Bel appartement à louer Prestigia Rez de jardin
Casablanca,Bourgogne,25/02/2026,10000,Appartement,None,à louer,Studio duplex meublé à louer Bourgogne
Essaouira,Toute la ville,05/02/2026,1570000,Appartement,120,à vendre,Appartement à vendre 120 m² à Essaouira
Casablanca,Racine,27/02/2026,18000,Appartement,None,à louer,DUPLEX MEUBLÉ TERRASSE À LOUER À RACINE
Mohammedia,Riad 1,10/02/2026,4000,Appartement,120,à louer,Appart à louer 120 m² Mohammedia Riad Salam 1
Salé,Toute la ville,08/05/2026,6900,Terrain,None,à vendre,Lots de terrain commerciaux R 3 à Salé à partir de 6900 Dh
Casablanca,Maârif Extension,16/02/2026,16000,Bureau,None,à louer,Plateau bureau à louer
Bouznika,Autre secteur,14/02/2026,2500,Appartement,None,à louer,Appartement location
Rabat,Agdal,12/03/2026,2500,Appartement,None,location de vacances,Chambre meublée individuelle à Hay riad
Marrakech,Victor Hugo,08/05/2026,17900,Appartement,63,à vendre,Studio à vendre 63 m² à Victor Hugo
Tanger,Marjane,16/02/2026,1200000,Appartement,90,à vendre,Appartement à vendre 90 m² à Tanger
Rabat,Diour Jamaa,27/02/2026,7000,Appartement,None,à louer,Appartement meublé à louer
Casablanca,Ain Sebaa,05/03/2026,25000,Local,None,à louer,177257 Local à louer à 25000DH à Ain Sebaa
Casablanca,Californie,25/02/2026,43800000,Terrain,None,à vendre,Terrain commercial a vendre à Californie 3982 m2
Casablanca,Longchamps,25/02/2026,22000000,Villa,None,à vendre,VILLA 1000M À VENDRE À LONCHAMP
Marrakech,Hay Charaf,08/02/2026,7000,Appartement,None,à louer,Duplex meublé location longue durée
Casablanca,Anfa,08/05/2026,22500,Bureau,181,à louer,Bureau 181 m² à louer Espace Porte d Anfa
Meknès,Marjane 2,19/02/2026,270000,Appartement,None,à vendre,Bon appartement à vendre
Casablanca,Maârif Extension,05/03/2026,30000,Local,None,à louer,Local commercial à louer
Casablanca,Sidi Maarouf,08/05/2026,5500000,Villa,None,à vendre,Villa à vendre à Sidi Maarouf Florida
Rabat,Souissi,03/02/2026,40000,Villa,None,à louer,Agréable villa avec chauffage central à Souissi
Agadir,Centre Ville,22/02/2026,3500,Appartement,None,à louer,Maison meublée à louer
Rabat,Hassan,08/05/2026,10000,Appartement,90,à louer,Appartement à louer 90 m² à Rabat
Kénitra,Taïbia,25/02/2026,2000,Appartement,None,à louer,Appartement Carçonière à louer Taibiya Kénitra rez de chaussée
Oujda,Boustane,01/02/2026,2500,Appartement,120,à louer,Appartement à louer 120 m² à Oujda
Casablanca,Oasis,08/05/2026,12996000,Terrain,None,à vendre,Terrain à l Oasis R3
Martil,Toute la ville,05/02/2026,520000,Appartement,None,à vendre,Projet en cours de réalisation
Marrakech,M'Hamid,10/03/2026,1300,Appartement,None,à louer,Rhan 04 million 1300dh kra 4em
Casablanca,Bourgogne,08/03/2026,3800,Appartement,None,à louer,Appartement bien situé
Tanger,Tanger City Center,05/02/2026,13000,Appartement,147,à louer,Appartement à louer 147 m² à Tanger
Rabat,Souissi,05/02/2026,9500000,Terrain,None,à vendre,Lot villa 2199m2 de 2 facade Souissi
Kénitra,quartier golf,16/03/2026,2000,Appartement,None,à louer,Appartement à Kénitra à louer
Casablanca,Aïn Chock,05/03/2026,6000,Appartement,None,à louer,Rez de chaussée excellent et luxueux meublé à louer
Casablanca,Maarif,10/02/2026,1350000,Appartement,None,à vendre,142873 Vente Appt à Casablanca Maarif Extension de
Ain Aouda,Toute la ville,15/03/2026,280000,Appartement,None,à vendre,Appartement ensoleillé et rénové
Tanger,Sania,12/02/2026,800,Villa,None,à vendre,Tanger villa hareis
Rabat,Diour Jamaa,14/02/2026,16000,Appartement,None,à louer,Appartement haut standing Avenue Hassan II
Marrakech,Victor Hugo,16/02/2026,8000,Appartement,None,à louer,Appartement meublé à Victor hugo
El Jadida,Al Boustane,10/03/2026,3600,Appartement,65,à louer,Appartement à louer 65 m² à El Jadida
Casablanca,Maarif,12/02/2026,1900000,Appartement,98,à vendre,123279 Vente Appt à Casablanca Oasis de 98 m²
Marrakech,Hay Charaf,25/02/2026,8500,Appartement,None,à louer,Aparte Charaf Sous location 2 chambres
Marrakech,Hay Izdihar,19/02/2026,850000,Appartement,None,à vendre,appartement calme pratique et bien agencé
Marrakech,Agdal,07/03/2026,14000,Appartement,None,à louer,Appartement haut standing à louer
Cap de l'eau,Toute la ville,01/02/2026,3200,Terrain,None,à vendre,Terrain lotissement SALHI villa
Marrakech,Guéliz,12/03/2026,1390000,Appartement,None,à vendre,Appartement Proche Guéliz Résidence avec Piscine
Casablanca,Triangle d'Or,12/02/2026,3950000,Appartement,222,à vendre,Appartement 222 m² dans Triangle d or
Sidi Kacem,Toute la ville,19/02/2026,1500,Local,None,à louer,Garage à louer
Asilah,Toute la ville,08/05/2026,4950000,Terrain,None,à vendre,Ferme titrée 4 ha avec villa et piscine
Marrakech,Av Abdelkrim El Khattabi,05/03/2026,160000,Bureau,None,à vendre,Bureau à vendre
Mohammedia,Autre secteur,12/03/2026,4000,Local,None,à louer,Andalous Mohammedia
Marrakech,Route de Casablanca,25/02/2026,7000000,Villa,None,à vendre,À Vendre Villa de Charme
Cap de l'eau,Toute la ville,27/02/2026,1400000,Terrain,None,à vendre,Terrain titré
Casablanca,Les Princesses,08/05/2026,10000,Appartement,None,à louer,Bel appartement meublé à louer à Les Princesses
Rabat,Hay Nahda,01/02/2026,8000,Appartement,100,à louer,Appartement meublé 100 m² à Rabat
Rabat,Agdal,12/03/2026,1800,Appartement,60,location de vacances,Appartement colocation 60 m² à Rabat
Marrakech,Bab Doukkala,02/03/2026,2500000,Villa,None,à vendre,SUPERBE RIAD 130M²À BAB DOUKKALA DARB JDID
Khouribga,Toute la ville,16/02/2026,540000,Terrain,None,à vendre,Terrain à vendre
Casablanca,Oulfa,02/03/2026,780000,Appartement,80,à vendre,Appartement à vendre Oulfa 80m²
Agadir,Hay Mohammadi,10/03/2026,470000,Appartement,47,à vendre,Appartement à vendre 47 m² à Agadir
Marrakech,M'Hamid,10/03/2026,2000,Appartement,None,à louer,2000dh kra o 01milion rhan 1er noha ma3ta alah
Rabat,Quartier de l'Océan,16/02/2026,5000,Appartement,None,à louer,Studio meublé
Asilah,Toute la ville,08/02/2026,650000,Local,None,à vendre,Local commercial à vendre
Casablanca,Bourgogne,25/02/2026,1260000,Appartement,108,à vendre,Appartement à vendre 108 m² à Casablanca
Rabat,Hassan,15/03/2026,10000,Appartement,80,à louer,Appartement meublé à louer 80 m² Hassan Rabat
Casablanca,Oulfa,14/02/2026,4200,Appartement,None,à louer,Appartement à louer Firdous El Oulfa meublé pour les employées
Casablanca,Sidi Bernoussi,11/02/2026,2000,Appartement,None,à louer,Appart en location Alliance Darna Qods Bernoussi
Rabat,Yacoub El Mansour,12/03/2026,4500,Appartement,None,à louer,Appartement location
Marrakech,Guéliz,07/03/2026,1200000,Appartement,57,à vendre,Appartement à vendre 57 m² à Marrakech
Temara,Maghreb Arabi,19/02/2026,750000,Appartement,None,à vendre,Appartement à vendre à Temara
Casablanca,Roches Noires,19/02/2026,700000,Appartement,None,à vendre,Studio et appartements à vendre Roches Noires
Casablanca,Ferme Bretone,01/02/2026,2600000,Appartement,None,à vendre,Appartement à vendre ferme bretonne
Rabat,Agdal,14/02/2026,13500,Appartement,98,à louer,Appartement à louer 98 m² à Rabat
Tétouan,Saniat Rmal,10/03/2026,700000,Local,None,à vendre,Pour la location 5000 DH négociable
Oujda,Centre Ville,02/03/2026,950000,Appartement,None,à vendre,Appartement à Oujda centre
Marrakech,Les Portes de Marrakech,16/02/2026,4500,Appartement,None,à louer,Bel appartement meublé en location
Bouskoura,Bouskoura centre,08/05/2026,850000,Appartement,35,à vendre,F3 avec GRANDE COUR de 35m² au Centre Bouskoura
Casablanca,Val Fleuri,19/02/2026,7300,Appartement,None,à louer,Appartement vide à louer à val Fleury
Casablanca,Oulfa,05/03/2026,2400,Appartement,54,à louer,Appartement à louer 54 m² à Casablanca
Marrakech,Route de Fès,01/02/2026,360000,Terrain,None,à vendre,À ne pas rater
Casablanca,Gauthier,12/03/2026,8000,Appartement,130,à louer,Appartement meublé 130m² Gauthier
Marrakech,Massar,14/02/2026,6500,Local,None,à louer,Titre foncier
Tétouan,Al Mallalienne,10/02/2026,650000,Terrain,None,à vendre,Lotissement Andalus
Errachidia,Toute la ville,11/03/2026,3500,Villa,None,à louer,Sefli villa bjerda mn cousina
Casablanca,Hay Hassani,03/02/2026,15000,Local,None,à louer,169857 Local à louer à 15000DH à Almaz Hay Hassan
Mohammedia,Centre Ville,08/05/2026,725000,Bureau,55,à vendre,Votre bureau adapté à vos ambitions 55m²
Casablanca,Mers Sultan,12/02/2026,1500000,Appartement,None,à vendre,158389 Vente Appt à Casablanca La Gironde de 147 m
Casablanca,Almaz,08/05/2026,830000,Appartement,71,à vendre,Appartement à vendre 71 m² à ALMAZ
Casablanca,Bourgogne,15/03/2026,45000,Villa,None,à louer,Villa de prestige à AIN DIAB
Berkane,Toute la ville,25/02/2026,1400000,Maison,None,à vendre,Maison style villa
Rabat,Aviation - Mabella,12/02/2026,5600000,Villa,None,à vendre,RBA YO 1086 Villa à vendre à Aviation Mabella
Agadir,Hay Salam,15/03/2026,2600000,Maison,None,à vendre,Maison à vendre commerce
Casablanca,Aïn Chock,10/03/2026,8500000,Maison,110,à vendre,Maison 110 m² à double façades et Café en activité
Mdiq,Toute la ville,10/02/2026,1500000,Appartement,None,à vendre,Appartement Vue Sur Piscine à vendre Jawhara Smir
Tanger,Marjane,02/03/2026,3500,Appartement,None,à louer,Appartement à louer
Casablanca,Ain Sebaa,12/02/2026,4500,Appartement,None,à louer,Appartement à louer à Ain Sebaa 4500 dh
Casablanca,Maarif,25/02/2026,890000,Appartement,38,à vendre,Appartement à vendre 38 m² à Casablanca
Marrakech,Allal El Fassi,09/03/2026,3700,Appartement,None,à louer,Appartement à louer
Mdiq,Toute la ville,08/05/2026,700,Appartement,None,à louer,Appartement à louer à Jawhara Smir
Casablanca,Quartier des Hôpitaux,10/02/2026,9000,Bureau,None,à louer,Bureau 140m2 à Abdelmoumen
Casablanca,Gauthier,12/02/2026,3000000,Appartement,176,à vendre,Appartement à vendre 176 m² à Casablanca
Marrakech,Hay Izdihar,03/02/2026,250,Appartement,None,à louer,Appartement Hay Izdihar Marrakech
Marrakech,Av Mohammed VI,08/02/2026,2700000,Villa,None,à vendre,villa semi finie prestigia
Berrechid,Toute la ville,10/03/2026,360000,Appartement,76,à vendre,Appartement à vendre 76 m² à Berrechid
Casablanca,Abdelmoumen,02/03/2026,5500,Appartement,None,à louer,Location studio vide abdelmoumen
El Jadida,Autre secteur,03/02/2026,3400,Appartement,None,à louer,Appartement meublé 2 façades
Bouskoura,Bouskoura centre,15/03/2026,7000,Bureau,None,à louer,Bureau en RDC Bouskoura
Casablanca,Californie,08/05/2026,2255000,Appartement,143,à vendre,3 Chambres à vendre 143 m² à Californie
Casablanca,Casablanca Finance City,03/02/2026,30000,Appartement,None,à louer,À louer Appartement à CFC
Casablanca,Belvédère,09/03/2026,6900000,Autre,None,à vendre,Immeuble vide à vendre R5 à belvédère
Nouaceur,Toute la ville,14/02/2026,6500000,Villa,None,à vendre,162681 Vente Villa à Nouaceur Douar Bouhala de 476
Casablanca,Oulfa,05/03/2026,4000,Appartement,56,à louer,Appartement à louer 56 m² à Casablanca
Kénitra,El Haddada,14/02/2026,29000000,Villa,None,à vendre,Villa à vendre
Marrakech,M'Hamid,02/03/2026,6000,Appartement,None,à louer,Appartement à louer à coté de l aéroport
Marrakech,Guéliz,16/02/2026,9000,Appartement,None,à louer,Spacieux appartement en location
Mohammedia,Mimosas,15/03/2026,5500,Appartement,None,à louer,Appartement à Rd la marine royale à Mohammedia
Laâyoune,Toute la ville,15/03/2026,5500,Appartement,None,à louer,Appartements meublés à louer
Casablanca,Sidi Belyout,14/02/2026,725000,Appartement,69,à vendre,137549 Vente Appt à Casablanca Derb Omar de 69 m²
Casablanca,Anfa,10/02/2026,20500000,Villa,None,à vendre,167843 Vente Villa à Casablanca Ain Diab de 1000 m
Casablanca,Mers Sultan,25/02/2026,6500,Bureau,None,à louer,Location de bureau cloison climatisé
Rabat,Kébibat,03/02/2026,6000,Appartement,None,à louer,Appartement à louer 6000dh KBIBAT
Rabat,Quartier de l'Océan,15/03/2026,11000,Appartement,None,à louer,2 chambres salon meublé à l océan
Casablanca,Oulfa,10/02/2026,4000,Appartement,95,à louer,Appartement à louer 95 m² à Casablanca
Casablanca,Racine,02/03/2026,2100000,Appartement,108,à vendre,Appartement à vendre 108 m² à Casablanca
Casablanca,Aïn Diab,08/02/2026,14000,Appartement,126,à louer,Appartement à louer 126 m² à Casablanca
Marrakech,Bouaakkaz,05/02/2026,13500,Appartement,76,à louer,Appartement à louer 76 m² à Marrakech
Rabat,Souissi,07/03/2026,12000,Appartement,1,à louer,Appartement à louer 1 m² à Rabat
Bouskoura,Bouskoura centre,10/02/2026,1100000,Local,None,à vendre,Local commercial à vendre
Marrakech,Hay Izdihar,05/03/2026,1500000,Appartement,None,à vendre,Aparte jnan Ali 83 M2 Vide haut standing
Rabat,Agdal,01/02/2026,35000,Bureau,280,à louer,Plateau bureau 280 m² à louer Agdal Rabat
Tanger,Castilla,25/02/2026,2500000,Appartement,None,à vendre,Appartement à Vendre en face du Café Lahay
Sidi Rahal,Toute la ville,02/03/2026,600000,Terrain,None,à vendre,Terrain titré vue sur mer 5000 m2
Casablanca,Palmier,01/02/2026,6500,Appartement,None,à louer,Location Studio Meublé Neuf
Fès,Route Ain Chkaf,21/03/2026,3000,Appartement,111,à louer,Appartement à louer de 111 m² à Fès
Settat,Hay Mimouna,27/02/2026,140000,Maison,None,à vendre,Maison à vendre à Settat quartier Mimouna Oued Nanaa
Casablanca,Ain Sebaa,15/03/2026,6000,Appartement,None,à louer,Plusieurs Apparts H Standing Couple Marié
Mohammedia,Quartier du Parc,15/03/2026,7000,Appartement,None,à louer,Appartement à louer 03 chs à Mohammedia
Temara,Wifak,05/03/2026,12000,Local,None,à louer,Local commercial à louer à Hay Wifak
Casablanca,Bourgogne,25/02/2026,1500000,Appartement,None,à vendre,Appartement avec terrasse au coeur de Bourgogne
Casablanca,Casablanca Finance City,19/02/2026,20000,Maison,None,à louer,Appartement meublé à louer à CFC
Bouskoura,Bouskoura centre,08/05/2026,1730000,Terrain,None,à vendre,Lot de terrain pour villa à vendre à Bouskoura
Rabat,Hay Nahda,12/02/2026,1500,Appartement,None,à louer,Studio pour les filles à Rabat Hay Nahda 1
Temara,Harhoura,08/02/2026,7500,Appartement,None,à louer,Appartement neuf à Harhoura
Casablanca,2 Mars,08/05/2026,2120000,Appartement,None,à vendre,Appartement à vendre 2 Mars
Marrakech,Mabrouka,12/02/2026,20000,Local,None,à louer,Salon de beauté location
Tanger,Moujahidine,19/02/2026,5300,Appartement,None,à louer,APPARTEMENT MEUBLÉ DINA moujahidine
Casablanca,Derb Ghallef,08/05/2026,1550000,Appartement,None,à vendre,Magnifique appartement neuf avec terrasse
Agadir,Founty,07/03/2026,5000,Appartement,50,à louer,Appartement à louer 50 m² à founty Agadir
Casablanca,Maarif,25/02/2026,2500000,Local,None,à vendre,Restaurant 65 couverts quartier Maarif
Marrakech,Av Mohammed VI,08/05/2026,1350000,Appartement,None,à vendre,Studio à Vendre
Casablanca,Beauséjour,05/03/2026,750000,Appartement,None,à vendre,Appartements à vendre à Casablanca Bousijour
Kénitra,Mimosas,12/02/2026,4000,Appartement,None,à louer,Appartement meublé à Kenitra
Mohammedia,Centre Ville,15/03/2026,2800,Appartement,None,à louer,Appart meublée lwizia
Casablanca,Quartier des Hôpitaux,08/05/2026,1950000,Appartement,None,à vendre,Appartement à vendre sur quartier des hopitaux
Meknès,Marjane 2,12/02/2026,1100000,Appartement,None,à vendre,Appartement de luxe à vendre à Meknès Proche Marjane Decathlon
Marrakech,Victor Hugo,08/05/2026,7000,Appartement,76,à louer,Appartement à louer 76 m² à Marrakech
Temara,Wifak,12/02/2026,4000,Appartement,None,à louer,Appartement au rez de chaussée à louer ensoleillé
Salé,Hay Chmaou,07/03/2026,640000,Appartement,100,à vendre,Appartement meublé à vendre avec 100 m² à Salé
Berkane,Toute la ville,22/02/2026,410000,Appartement,None,à vendre,Appartement à vendre à Saïdia
Kénitra,Centre,08/05/2026,7000,Appartement,None,à louer,Appartement meublé à louer à 3min de la gare
Marrakech,Route de Ouarzazate,19/02/2026,230000,Appartement,None,à vendre,Appartement 61m2 à Chwiter
Casablanca,Belvédère,25/02/2026,9700,Bureau,None,à louer,Bureau à louer
Sidi Rahal,Toute la ville,07/03/2026,150000,Appartement,None,à vendre,Appartement Chaouia à louer à Sidi Rahal
Casablanca,Hay Hassani,12/02/2026,130000,Villa,None,à louer,157830 Villa à louer à 130000DH à Longchamps
Marrakech,Guéliz,08/05/2026,1200000,Appartement,52,à vendre,Appartement à vendre 52 m² à Marrakech
Tanger,Malabata,09/03/2026,12500,Bureau,None,à louer,bureau climatisé avec parking
Martil,Toute la ville,28/02/2026,2500,Appartement,None,à louer,Appartement à louer
Agadir,Sonaba,05/02/2026,7600000,Villa,None,à vendre,Belle villa a vendre a sonaba 361m2
Salé,Sala El Jadida,21/03/2026,5000,Local,None,à louer,Magasin à louer à Sala El Jadida
Martil,Toute la ville,22/02/2026,200,Appartement,None,à louer,Appartement meublé à louer à la journée
Casablanca,Roches Noires,19/02/2026,6500,Appartement,85,à louer,Appartement à louer 85 m² à Casablanca
Rabat,Agdal,08/02/2026,20000,Bureau,None,à louer,Plateau bureau à louer sur l Agdal
Berrechid,Toute la ville,14/02/2026,700000,Terrain,None,à vendre,Terrain excellent près de Berrechid
Casablanca,Bourgogne,05/02/2026,13500,Appartement,None,à louer,Appartement meublé
Marrakech,M'Hamid,12/02/2026,450000,Appartement,54,à vendre,Appartement à vendre 54 m² à Marrakech
Berrechid,Toute la ville,08/02/2026,6000,Bureau,None,à louer,Plateau bureau a louer en centre ville Berrechid
Casablanca,Val d'Anfa,07/03/2026,16200000,Villa,None,à vendre,À VENDRE VILLA 810M DE VAL D ENFA
Casablanca,Errahma,07/03/2026,310000,Maison,52,à vendre,Maison à Errahma 52m²
Berrechid,Toute la ville,15/03/2026,4200,Appartement,None,à louer,Appartement à louer Bercor Berrechid
Casablanca,Ain Sebaa,10/03/2026,4000,Appartement,None,à louer,Studio meublé à Ain Sebaa 4000 dh
Marrakech,Agdal,01/02/2026,12000,Appartement,None,à louer,Bel appartement meublé pour longue durée
Kénitra,Maamora,08/02/2026,990000,Bureau,None,à vendre,Bureau à vendre
Rabat,Hay Nahda,03/02/2026,1800,Appartement,None,à louer,Garçonnière à louer Hay Nahda 2
Mohammedia,Autre secteur,15/03/2026,2600,Appartement,None,à louer,Joli studio meublé pour les filles
Dar Bouazza,Toute la ville,10/02/2026,5500000,Villa,None,à vendre,DAR DA 1061 Villa à vendre à Dar Bouazza
Casablanca,Anfa,08/05/2026,6090,Bureau,None,à louer,Bureau privé pour 3 pers à Anfa Superior
Marrakech,M'Hamid,25/02/2026,8500,Local,None,à louer,Magasin à louer
Casablanca,Derb Ghallef,12/02/2026,1100000,Bureau,None,à vendre,Bureau à vendre
Marrakech,Annakhil,08/05/2026,5300,Terrain,None,à vendre,Terrain à vendre zone villa sur golf
Marrakech,Route d'Ourika,03/02/2026,6000,Appartement,None,à louer,Appartement neuf meublé Location longue durée
Marrakech,Jemaa El Fna,12/02/2026,2600000,Villa,None,à vendre,Riad à 15 minutes de Jamaa El Fna à vendre
Rabat,Agdal,10/02/2026,2200000,Appartement,None,à vendre,Appartement à vendre Agdal
Casablanca,Beauséjour,22/02/2026,1400000,Appartement,90,à vendre,Appartement à vendre 90 m² à Casablanca
Rabat,Hay Nahda,03/02/2026,1200,Appartement,None,à louer,Chambre pour filles à Nahda1
Marrakech,Route de Casablanca,22/02/2026,12000,Appartement,None,à louer,VIZIR Bel appartement en rez de jardin
Tanger,nouinouich,02/03/2026,30000,Villa,None,à louer,Villa de Prestige à Louer Nouinouich Vue Mer
Kénitra,Maamora,03/02/2026,3000,Appartement,None,à louer,appartement location
Casablanca,Belvédère,10/03/2026,5500,Appartement,70,à louer,Studio à louer 70 m² à Casablanca
Ain Aouda,Toute la ville,02/03/2026,23000,Maison,None,à vendre,A vendre en bon état ville de Aïn Aouda prix 23000
Ouazzane,Toute la ville,19/02/2026,540000,Terrain,None,à vendre,Vente ferme à Ouazzane
Casablanca,Oulfa,27/02/2026,4000,Appartement,None,à louer,Appartement à louer meublé
Sidi Rahal,Toute la ville,02/03/2026,600000,Terrain,None,à vendre,Terrain Sidi Rahal Plage 5000 m2
Casablanca,Sidi Maarouf,14/02/2026,2900,Appartement,75,à louer,Appartement à louer 75 m² à Casablanca
Tanger,Mghogha,10/03/2026,1500,Appartement,None,à louer,Studio à louer à Mghogha Sghira à côté du marché
Casablanca,Les Princesses,01/02/2026,8500,Appartement,50,à louer,Appartement à louer 50 m² à Casablanca
Marrakech,Av Mohammed VI,22/02/2026,8500,Appartement,None,à louer,Beau studio
Rabat,Agdal,03/02/2026,25000,Villa,None,à louer,Villa Cosy design à Agdal RABAT
Marrakech,Route de Safi,08/02/2026,4500,Appartement,None,à louer,Appartement meublé 2 chambres à coté de Macdo
Rabat,Aviation,05/03/2026,140000,Terrain,None,à vendre,Terrain de 216m à Oum Azza près de Rabat
Casablanca,Palmier,05/02/2026,13000,Appartement,None,à louer,Grand Appartement 3 Chambres Quartier Palmier
Sidi Bouzid,Toute la ville,22/02/2026,800000,Appartement,None,à vendre,Duplex à vendre 120 m2
Salé,Technopolis,05/03/2026,4000,Appartement,None,à louer,Appartement location
Tétouan,Touilaa,16/02/2026,450000,Local,None,à vendre,Magasin à Tétouan
Asilah,Toute la ville,12/03/2026,1500000,Appartement,None,à vendre,appartement 2 pièces salon A BERALMAR
Oujda,Autre secteur,19/02/2026,500000,Terrain,None,à vendre,Terrain à vendre
El Jadida,Autre secteur,10/03/2026,500000,Terrain,None,à vendre,Terrain à vendre
Marrakech,Ancienne Médina,16/02/2026,2200000,Villa,None,à vendre,RIAD À VENDRE MELLAH MÉDINA DE MARRAKECH
Rabat,Souissi,03/02/2026,10800000,Terrain,None,à vendre,Terrain à vendre bien placé zone villa à Souissi
Casablanca,Centre Ville,05/02/2026,1150000,Appartement,50,à vendre,Studio à vendre 50 m² à Casablanca
Casablanca,C.I.L,25/02/2026,11760000,Autre,None,à vendre,À VENDRE VILLA COMMERCIAL AU CIL
Marrakech,Guéliz,14/02/2026,1480000,Appartement,59,à vendre,Appartement à vendre 59 m² à Marrakech
Casablanca,Hermitage,08/02/2026,5000000,Villa,None,à vendre,VILLA 3 FAÇADE À VENDRE FORT POTENTIEL INVEST
Marrakech,Semlalia,12/02/2026,7500,Appartement,None,à louer,Charmant Appartement À Louer Près De Sup De Co
Rabat,Hay Riad,10/03/2026,45000,Villa,None,à louer,Bureau ville
El Jadida,Al Boustane,10/03/2026,1220000,Villa,None,à vendre,Villa au dessus de 140m près de l hôpital Mohammed 6 à vendre
Casablanca,Maarif,03/02/2026,14000,Bureau,108,à louer,Bureau haut standing 108 m² Maarif
Safi,Autre secteur,05/03/2026,560000,Terrain,None,à vendre,Lots de terrain pour villa Safi route Marrakech
Salé,Sala El Jadida,19/02/2026,18000,Local,None,à vendre,Local commercial à vendre
Marrakech,Guéliz,14/02/2026,20000000,Appartement,None,à vendre,APPARTEMENT À VENDRE GUÉLIZ
Marrakech,Route de Tahanaoute,08/05/2026,16000000,Villa,None,à vendre,Villa à vendre
Tanger,Centre ville,27/02/2026,1050000,Appartement,None,à vendre,Appartement sur avenue Fès
Casablanca,Racine,08/05/2026,8500,Appartement,None,à louer,À louer appartement 2 CH à Racine
Mohammedia,Port,03/02/2026,4500,Appartement,None,à louer,Mohammedia Parc près du port
Kénitra,Bir Rami,22/02/2026,470000,Terrain,None,à vendre,Terrain commercial à vendre
Marrakech,Hay Izdihar,08/05/2026,1078000,Appartement,77,à vendre,Magnifique Appartement à vendre 77 m² à Marrakech
Rabat,Agdal,02/03/2026,8500,Appartement,None,à louer,location appartement Agdal
Casablanca,Roches Noires,10/02/2026,2200000,Appartement,None,à vendre,159429 Vente Appt à Casablanca Belvedere Roches N
Mohammedia,Partie Est,12/03/2026,4500000,Villa,None,à vendre,Villa à vendre
Nouaceur,Toute la ville,08/05/2026,4500,Appartement,None,à louer,Studio Meublé à nouceur meublé pour location
Marrakech,Agdal,08/05/2026,2400000,Appartement,None,à vendre,Appartement moderne à vendre Prestigia 2ch
Casablanca,Oulfa,05/03/2026,3400,Appartement,75,à louer,Appartement à louer 75 m² à Casablanca
Marrakech,Palmeraie,05/03/2026,10000,Appartement,None,à louer,177668 Appt à louer à 10000DH à Palmeraie
Marrakech,Route de Fès,01/02/2026,800000,Terrain,None,à vendre,Terrain agricole bien situé pas cher
Casablanca,Gauthier,08/02/2026,20000,Appartement,None,à louer,À louer Magnifique Duplex meublé 4 CH à Gauthier
Marrakech,Bab Atlas,12/03/2026,12000000,Terrain,None,à vendre,À vendre terrain titré à Bab Atlas
Casablanca,Oulfa,05/03/2026,2300,Appartement,50,à louer,Appartement à louer 50 m² à Casablanca
Martil,Toute la ville,19/02/2026,650000,Appartement,80,à vendre,Appartement à vendre 80 m² à Martil
Essaouira,Douar Laarab,10/03/2026,1000000,Terrain,None,à vendre,Terrain à vendre dans le périmètre urbain
Casablanca,Laimoune,12/03/2026,4000000,Villa,None,à vendre,Maison dans une rue calme
Chichaoua,Toute la ville,07/03/2026,290000,Terrain,None,à vendre,Terrain agricole à vendre
Marrakech,Autre secteur,10/02/2026,2600000,Terrain,None,à vendre,77094 Vente Terrain à Marrakech Route D Amizmiz de
Casablanca,Oulfa,07/03/2026,330000,Appartement,None,à vendre,Vente appartement meublé Lot WAHDA ROUTE RAHMA
Casablanca,Hay Hassani,03/02/2026,22000,Local,None,à louer,169850 Local à louer à 22000DH à Almaz Hay Hassan
Casablanca,Riviera,25/02/2026,27000,Local,None,à vendre,5 MAGASINS NEUFS A VENDRE OU LOUER RIVIERA
Salé,Toute la ville,02/03/2026,23000,Maison,None,à vendre,A vendre en bon état ville de Aïn Aouda prix 23000
Casablanca,Oulfa,05/03/2026,7800,Bureau,None,à louer,Bureau neuf à louer proche Cheikh Khalifa
Casablanca,Bourgogne,08/05/2026,8000,Local,None,à louer,Local Commercial 52m2 à Bourgogne Extension
Fès,Route de Sefrou,22/02/2026,3600,Appartement,None,à louer,Bel appartement très proche à CHU
Casablanca,Maarif,14/02/2026,7500,Appartement,None,à louer,158853 Appt à louer à 7500DH à Hopitaux
Casablanca,Aïn Diab,11/02/2026,15000000,Villa,None,à vendre,Villa en plein cœur de Ain Diab
Essaouira,Route de Safi,12/03/2026,12000000,Villa,None,à vendre,Vends projet touristique plage AVNA Essaouira
Casablanca,Gauthier,15/03/2026,8200,Bureau,None,à louer,bureaux à louer 84m2 Gauthier
Mohammedia,Corniche,12/03/2026,6500,Appartement,None,à louer,Joli appartement meublé neuf
Khemisset,Toute la ville,14/02/2026,170000,Terrain,None,à vendre,Aït Bouziane Qabliyin
Rabat,Souissi,08/05/2026,100000000,Villa,None,à vendre,Villa palais unique aux ambassadeurs
Marrakech,Route d'Ourika,19/02/2026,2200000,Terrain,None,à vendre,Ferme eco lodge
Casablanca,Ain Sebaa,18/03/2026,2500,Local,None,à louer,Rue Moulay Ismail Hay Sakakine Local 85rue2
Marrakech,Palmeraie,12/02/2026,12000,Villa,None,à louer,Location la palmeraie OPPORTUNITÉ
Marrakech,Av Mohammed VI,09/03/2026,2650000,Appartement,None,à vendre,appartement à vendre
Marrakech,Es Saada,08/05/2026,54,Appartement,None,à vendre,Appartement à vendre à Al Montazah Al Jadid rénové
Marrakech,Hivernage,08/05/2026,8300000,Villa,None,à vendre,Villa moderne avec piscine route Ouarzazate
Marrakech,Autre secteur,12/02/2026,13000000,Villa,None,à vendre,149906 Vente Villa à Marrakech Route D Amizmiz de
Casablanca,Autre secteur,12/02/2026,2450000,Appartement,153,à vendre,Appartement à vendre 153 m² à Casablanca
Casablanca,Sidi Moumen,10/03/2026,360000,Appartement,None,à vendre,Appartement à vendre à Résidence Aman Ain Sebaa
Marrakech,Bab Doukkala,12/03/2026,2000000,Villa,80,à vendre,Projet de Rénovation Riad 80 m² Sol
Casablanca,Maârif Extension,02/03/2026,1100000,Bureau,None,à vendre,bureaux a vendre maarif
Berkane,Toute la ville,08/02/2026,3500,Bureau,None,à louer,Location bureau
Meknès,Hamria,27/02/2026,3500,Villa,None,à louer,Villa à louer au centre ville
Ouarzazate,Toute la ville,08/02/2026,380000,Terrain,None,à vendre,Terrain titré
Rabat,Souissi,07/05/2026,32000,Appartement,None,à louer,Magnifique penthouse en location meublé à Souissi
El Jadida,Autre secteur,12/03/2026,650000,Appartement,None,à vendre,Magnifique Appartement meublé Haut Standing
Casablanca,Ferme Bretone,05/02/2026,7000,Appartement,45,à louer,Appartement à louer 45 m² à Casablanca
Casablanca,Ben Ejdia,12/03/2026,6000,Appartement,None,à louer,Studio meublé à louer à Benjdiya
Settat,Toute la ville,16/02/2026,4000,Local,None,à louer,Magasin à louer 34 m2 17 m2 sedda 6m hauteur
Casablanca,Californie,08/05/2026,1140000,Appartement,75,à vendre,Appartement à vendre 75 m² à Casablanca
Mediouna,Toute la ville,18/03/2026,1440000,Terrain,None,à vendre,Terrain à vendre à Médiouna Zone R3
Taroudant,Toute la ville,22/02/2026,250000,Maison,None,à vendre,Maison à vendre
Casablanca,Anfa,25/02/2026,45000000,Villa,None,à vendre,VILLA 2000M À VENDRE À ANFA SUPÉRIEUR
Casablanca,Oulfa,05/02/2026,650000,Local,None,à vendre,Magasin à vendre 80 m
Marrakech,M'Hamid,19/02/2026,790000,Appartement,None,à vendre,Appartements de luxe à vendre avec ascenseur
Casablanca,Al Qods,05/02/2026,6000,Appartement,None,à louer,Appartement Pour Location longue durée
Casablanca,Ferme Bretone,15/03/2026,5800,Appartement,None,à louer,Studio Neuf à FERME BRETONNE
El Jadida,Mouilha,27/02/2026,2500,Appartement,96,à louer,Appartement à louer 96 m² à El Jadida
Rabat,Agdal,05/02/2026,11000,Appartement,None,à louer,Appartement rénové bureau haut Agdal Rabat
Tanger,Tanja Balia,12/03/2026,5000,Appartement,None,à louer,appartement à louer
Casablanca,Hay Hassani,12/02/2026,7500000,Local,242,à vendre,30736 Vente Local à Casablanca Cil de 242 m²
Casablanca,Beauséjour,08/02/2026,150,Appartement,400,location de vacances,Appartement colocation 400 m² à Casablanca
Dar Bouazza,Toute la ville,05/02/2026,3878000,Terrain,None,à vendre,Terrain Ongle 3 Façades Orientation sud Dar Bouzza
Casablanca,Oasis,02/03/2026,9500,Bureau,None,à louer,Bureau 51m à Oasis bien situé BD jerada
Casablanca,Ain Sebaa,25/02/2026,53400,Local,None,à louer,DÉPÔT DE STOKAGE EN LOCATION À AIN SBAA
Bouskoura,Bouskoura centre,19/02/2026,4500,Appartement,89,à louer,Appartement à louer 89 m² à Bouskoura
Marrakech,M'Hamid,05/02/2026,1700,Appartement,None,à louer,Appartement 1er 06 rhan million et 1700dh kra abwab atlas
Marrakech,M'Hamid,25/02/2026,2000000,Terrain,None,à vendre,Grand terrain à vendre avec maison d habitation
Tanger,Tanja Balia,14/02/2026,79000,Local,77,à vendre,Local de 77m² à vendre Tanger El Balia
Casablanca,Centre Ville,27/02/2026,57600,Bureau,None,à louer,À LOUER BUREAU 480M À CENTRE VILLE
Temara,Andalousse,12/02/2026,8000000,Terrain,None,à vendre,3300m2 D5 vieux Marocain Jradi Andalouss
Casablanca,Californie,05/03/2026,1797689,Appartement,None,à vendre,177547 Vente Appt à Casablanca Californie de 123 m
Casablanca,Ain Sebaa,25/02/2026,22000000,Local,None,à vendre,IMMEUBLE INDUSTRIEL EN VENTE À AIN SBAA
Casablanca,Aïn Diab,03/02/2026,9000,Appartement,135,à louer,Appartement à louer 135 m² à Casablanca
Marrakech,Victor Hugo,12/02/2026,14000,Appartement,None,à louer,Duplex en sous location Victor Hugo
Casablanca,Oulfa,08/05/2026,286000,Appartement,58,à vendre,Appartement à vendre 58 m² Oulfa Hay Hassani
Marrakech,Sidi Abdellah Ghiat,07/03/2026,1400000,Terrain,None,à vendre,Vente Terrain nu de 11000 m2 à Marrakech
Casablanca,Bourgogne,12/03/2026,1700000,Appartement,136,à vendre,Appartement à vendre 136 m² à Casablanca
Agadir,Hay Zaytoun,16/02/2026,1000,Appartement,20,à louer,Appartement à louer 20 m² à Agadir
Fès,Route d'Aeroport,22/02/2026,710000,Appartement,None,à vendre,Appartements magnifiques en face de l école Massar Al Hikma
Temara,Riad Oulad Mtaa,08/05/2026,11000,Bureau,None,à louer,LOCATION BUREAUX NEUFS MÉDECINS RIAD OULAD MTAA
Casablanca,Aïn Chock,05/03/2026,3700,Appartement,None,à louer,Appartement excellent et magnifique à louer
Ait Melloul,Toute la ville,14/02/2026,770000,Terrain,None,à vendre,Lotissement Assafa Ait Melloul
Mohammedia,Partie Est,02/03/2026,780000,Terrain,None,à vendre,Excellent terrain commercial à Al Andalous Mohammedia
Tanger,Centre,08/05/2026,13000,Terrain,296,à vendre,Terrain 296 m² VILLA R 1 Route de Rabat
Casablanca,Roches Noires,19/02/2026,8500,Appartement,None,à louer,Appartement vide neuf à louer à Roches noire
Temara,Maghreb Arabi,19/02/2026,750000,Appartement,67,à vendre,Appartement à vendre 67 m² à 10min de Hay Riad
Tanger,Achakar,14/02/2026,350000,Local,None,à vendre,3 Magasins à vendre avec bonne prix
Essaouira,Route de Safi,19/02/2026,300000,Terrain,None,à vendre,Vend mon lot de terrain à Région d Essaouira
Kénitra,Mimosas,10/02/2026,8000,Appartement,None,à louer,Apparemment meublé 100m2 à louer kenitra
Bouznika,Plage Oued Cherrat,05/03/2026,720000,Appartement,None,à vendre,Appartement sans vis à vis à costa bouznika
Rabat,Hay Riad,05/02/2026,13500,Appartement,None,à louer,Appartement meublé avec piscine à prestigia Ryad
Tanger,Autre secteur,09/02/2026,3700000,Maison,None,à vendre,Maison à vendre à Awama 2
Salé,Hay Oued Dahab,12/02/2026,3900000,Appartement,None,à vendre,Calme secteur bien
Tétouan,Al Mallalienne,01/02/2026,150000,Terrain,None,à vendre,Terrain titré dans un excellent emplacement
Sidi Bouknadel,Toute la ville,07/03/2026,1700000,Appartement,86,à vendre,Appartement à vendre 86 m² à Sidi Bouknadel
Casablanca,Sidi Bernoussi,27/02/2026,360000,Local,None,à vendre,Magasin à vendre
Skhirat,Ain el Hayat,08/05/2026,1110000,Maison,None,à vendre,Opportunité immobilière unique à Skhirat
Fès,Route de Sefrou,15/03/2026,720000,Bureau,None,à vendre,Bureau loué à vendre
Berrechid,Toute la ville,27/02/2026,460000,Appartement,64,à vendre,Appartement lumineux 64m² 2ème Berrechid
Marrakech,Route de Casablanca,07/03/2026,300000,Terrain,None,à vendre,Terrain avec vue sur l atlas à Marrakech
Chichaoua,Toute la ville,07/03/2026,130000,Terrain,None,à vendre,Terrain agricole à vendre
Marrakech,Route d'Amezmiz,12/03/2026,4300000,Villa,None,à vendre,Villas de Prestige Vue sur l Atlas Route d Amizmiz
Rabat,Hay Riad,25/02/2026,15000,Appartement,160,à louer,Appartement meublé à louer 160 m² à Rabat
Ouislane,Toute la ville,08/02/2026,400000,Local,None,à vendre,Local pour magasins très urgent
Casablanca,Autre secteur,15/03/2026,1600,Appartement,None,à louer,Appartement à Zenata
Marrakech,Hivernage,05/02/2026,6500000,Terrain,None,à vendre,Terrain pour villa à Golf Arkan
Agadir,Abattoirs,01/02/2026,400000,Local,6,à vendre,Magasin à vendre 6 m² Emplacement stratégique
Kénitra,alliance,09/03/2026,720000,Appartement,None,à vendre,Appartement à vendre
Agadir,Autre secteur,09/03/2026,850000,Terrain,None,à vendre,Terrain Titré Oasis D ALMA 15 mn d Agadir
Marrakech,Allal El Fassi,12/02/2026,10000,Bureau,None,à louer,Bureau avec deux façades sur rue à louer mensuellement
Biougra,Toute la ville,01/02/2026,360000,Terrain,None,à vendre,Terrain 80m Commercial parcelle commerciale titrée de 80m
Mohammedia,Centre Ville,10/03/2026,4500,Appartement,None,à louer,Studio meublé neuf
Casablanca,Hay Hassani,14/02/2026,3100000,Appartement,None,à vendre,149074 Vente Appt à Casablanca Ferme Bretonne de 1
Rabat,Autre secteur,19/02/2026,6000000,Villa,None,à vendre,Villa à vendre Bouskoura
Berrechid,Toute la ville,14/02/2026,580000,Terrain,None,à vendre,Ferme moderne
Casablanca,Anfa,14/02/2026,12000,Appartement,None,à louer,141694 Appt à louer à 12000DH à Ain Diab
Fès,Oued Fès,07/03/2026,700000,Appartement,None,à vendre,Appartements modernes a vendre
Had Soualem,Toute la ville,22/02/2026,255000,Appartement,None,à vendre,Appartement bien ensoleillé à vendre
Mohammedia,Mimosas,27/02/2026,850000,Appartement,None,à vendre,appartement à vendre
Marrakech,Oued Ourika,19/02/2026,800000,Terrain,None,à vendre,Hectare et demi à vendre
Machraa El Ain,Toute la ville,25/02/2026,600000,Maison,None,à vendre,Grande maison avec jardin à vendre à Adwar Machroue El Ain
Marrakech,Guéliz,08/05/2026,1498000,Appartement,65,à vendre,Appartement en vente 65m² à Gueliz Piscine Rooftop
Temara,Centre Ville,16/02/2026,5500,Appartement,None,à louer,Appartement meublé à côté de Mac Donald s
Meknès,Riad Toulal,08/02/2026,440000,Terrain,None,à vendre,terrain lot villa riad toulal 2
Meknès,Hamria,27/02/2026,3500,Appartement,None,à louer,Appartement Cente ville Hamria
