Ville,Adresse,Type,Date,Prix,Surface,Operation,Description
Casablanca,Ain Sebaa,Appartement,02/05/2026,440000,58,à vendre,"2 chambre, 1 salon. Appartement  3 pièces 58 m² Casablanca  « Ain Sebaa »"
Casablanca,Sidi Bernoussi,Appartement,01/05/2026,400000,60,à vendre,"2 chambre, 1 salon. Appartement  3 pièces 60 m² Casablanca  « Sidi Bernoussi »"
Casablanca,Non spécifié,Appartement,30/04/2026,1665000,111,à vendre,"3 chambre, 2 salon. Appartement  5 pièces 111 m² Casablanca"
Casablanca,Non spécifié,Appartement,30/04/2026,2400000,134,à vendre,"4 chambre, 1 salon, avec Garage. Appartement  5 pièces 134 m² Casablanca"
Casablanca,Maârif Extension,Appartement,29/04/2026,2100000,140,à vendre,"3 chambre, 2 salon, avec Garage. Appartement meublé 5 pièces 140 m² Casablanca  « Maârif Extension »"
Casablanca,Maârif Extension,Appartement,29/04/2026,2100000,149,à vendre,"3 chambre, 2 salon, avec Garage. Appartement  5 pièces 149 m² Casablanca  « Maârif Extension »"
Casablanca,Non spécifié,Appartement,26/04/2026,1200000,88,à vendre,"2 chambre, 1 salon, avec Garage. Appartement  3 pièces 88 m² Casablanca"
Casablanca,Errahma,Appartement,25/04/2026,310000,51,à vendre,"2 chambre, 1 salon. Appartement  3 pièces 51 m² Casablanca  « Errahma »"
Casablanca,Abdelmoumen,Appartement,25/04/2026,1135000,121,à vendre,"4 chambre, 1 salon. Appartement  5 pièces 121 m² Casablanca  « Abdelmoumen »"
Casablanca,Sidi Maarouf,Appartement,25/04/2026,908000,87,à vendre,"2 chambre, 1 salon. Appartement  3 pièces 87 m² Casablanca  « Sidi Maarouf »"
Casablanca,Ben M'sick,Appartement,23/04/2026,230000,50,à vendre,"1 chambre, 1 salon. Appartement  2 pièces 50 m² Casablanca  « Ben M'sick »"
Casablanca,Sbata,Appartement,21/04/2026,555000,74,à vendre,"2 chambre, 1 salon. Appartement  3 pièces 74 m² Casablanca  « Sbata »"
Casablanca,Ain Sebaa,Appartement,20/04/2026,720000,85,à vendre,"1 chambre, 2 salon. Appartement meublé 3 pièces 85 m² Casablanca  « Ain Sebaa »"
Casablanca,Non spécifié,Appartement,19/04/2026,1600000,140,à vendre,"4 chambre, 1 salon, avec Garage. Appartement meublé 5 pièces 140 m² Casablanca"
Casablanca,Les Princesses,Appartement,18/04/2026,2150000,144,à vendre,"3 chambre, 2 salon. Appartement  5 pièces 144 m² Casablanca  « Les Princesses »"
Casablanca,Roches Noires,Appartement,18/04/2026,1062500,85,à vendre,"2 chambre, 1 salon, avec Garage. Appartement  3 pièces 85 m² Casablanca  « Roches Noires »"
Casablanca,Sidi Bernoussi,Appartement,17/04/2026,340000,55,à vendre,"2 chambre, 1 salon. Appartement  3 pièces 55 m² Casablanca  « Sidi Bernoussi »"
Casablanca,Hay Hassani,Appartement,14/04/2026,1280000,209,à vendre,"3 chambre, 2 salon, avec Garage. Appartement  5 pièces 209 m² Casablanca  « Hay Hassani »"
Casablanca,Sidi Maarouf,Appartement,13/04/2026,790000,84,à vendre,"2 chambre, 1 salon. Appartement  3 pièces 84 m² Casablanca  « Sidi Maarouf »"
Casablanca,Oulfa,Appartement,11/04/2026,380000,53,à vendre,"2 chambre, 1 salon. Appartement  3 pièces 53 m² Casablanca  « Oulfa »"
Casablanca,Palmier,Appartement,10/04/2026,1340000,47,à vendre,"1 chambre, 1 salon. Appartement  2 pièces 47 m² Casablanca  « Palmier »"
Casablanca,Oulfa,Appartement,10/04/2026,700000,66,à vendre,"2 chambre, 1 salon. Appartement  3 pièces 66 m² Casablanca  « Oulfa »"
Casablanca,Sidi Moumen,Appartement,09/04/2026,420000,64,à vendre,"2 chambre, 1 salon. Appartement  3 pièces 64 m² Casablanca  « Sidi Moumen »"
Casablanca,Non spécifié,Appartement,07/04/2026,220000,60,à vendre,"2 chambre, 1 salon. Appartement  3 pièces 60 m² Casablanca"
Casablanca,Maârif Extension,Appartement,06/04/2026,1038500,63,à vendre,"1 chambre, 1 salon. Appartement  2 pièces 63 m² Casablanca  « Maârif Extension »"
Casablanca,Nassim,Appartement,05/04/2026,800000,88,à vendre,"3 chambre, 1 salon. Appartement  4 pièces 88 m² Casablanca  « Nassim »"
Casablanca,Palmier,Appartement,03/04/2026,1152000,40,à vendre,"1 chambre, 1 salon. Appartement  2 pièces 40 m² Casablanca  « Palmier »"
Casablanca,Sidi Moumen,Appartement,31/03/2026,530000,73,à vendre,"2 chambre, 1 salon. Appartement  3 pièces 73 m² Casablanca  « Sidi Moumen »"
Casablanca,Maârif Extension,Appartement,30/03/2026,1089000,52,à vendre,"1 chambre, 1 salon. Appartement  2 pièces 52 m² Casablanca  « Maârif Extension »"
Casablanca,Aïn Borja,Appartement,29/03/2026,920000,97,à vendre,"2 chambre, 2 salon. Appartement  4 pièces 97 m² Casablanca  « Aïn Borja »"
Casablanca,Hay Albaraka,Appartement,28/03/2026,600000,75,à vendre,"2 chambre, 1 salon. Appartement  3 pièces 75 m² Casablanca  « Hay Albaraka »"
Casablanca,Hay Mohammadi,Appartement,27/03/2026,1600000,192,à vendre,Appartement   192 m² Casablanca  « Hay Mohammadi »
Casablanca,Palmier,Appartement,27/03/2026,1120000,40,à vendre,"1 chambre, 1 salon. Appartement  2 pièces 40 m² Casablanca  « Palmier »"
Casablanca,Palmier,Appartement,27/03/2026,2260000,100,à vendre,"3 chambre, 1 salon. Appartement  4 pièces 100 m² Casablanca  « Palmier »"
Casablanca,Palmier,Appartement,27/03/2026,2060000,87,à vendre,"2 chambre, 1 salon, avec Garage. Appartement meublé 3 pièces 87 m² Casablanca  « Palmier »"
Casablanca,Oulfa,Appartement,26/03/2026,440000,51,à vendre,"2 chambre, 1 salon. Appartement  3 pièces 51 m² Casablanca  « Oulfa »"
Casablanca,Californie,Appartement,26/03/2026,1456000,112,à vendre,"2 chambre, 1 salon, avec Garage. Appartement  3 pièces 112 m² Casablanca  « Californie »"
Casablanca,Non spécifié,Appartement,26/03/2026,520000,62,à vendre,"2 chambre, 1 salon. Appartement  3 pièces 62 m² Casablanca"
Casablanca,Oulfa,Appartement,26/03/2026,350000,50,à vendre,"2 chambre, 1 salon. Appartement  3 pièces 50 m² Casablanca  « Oulfa »"
Casablanca,Non spécifié,Appartement,25/03/2026,680000,72,à vendre,2 chambre. Appartement meublé 2 pièces 72 m² Casablanca
Casablanca,Hôpitaux,Appartement,25/03/2026,156,156,à vendre,"3 chambre, 1 salon, avec Garage. Appartement  4 pièces 156 m² Casablanca  « Hôpitaux »"
Casablanca,Sidi Moumen,Appartement,24/03/2026,250000,50,à vendre,"2 chambre, 1 salon. Appartement  3 pièces 50 m² Casablanca  « Sidi Moumen »"
Casablanca,Belvédère,Appartement,23/03/2026,1300000,79,à vendre,"2 chambre, 1 salon, avec Garage. Appartement  3 pièces 79 m² Casablanca  « Belvédère »"
Casablanca,Al Qods,Appartement,23/03/2026,820000,91,à vendre,"3 chambre, 1 salon. Appartement  4 pièces 91 m² Casablanca  « Al Qods »"
Casablanca,Les Princesses,Appartement,18/03/2026,1250000,42,à vendre,"1 chambre, 1 salon. Appartement meublé 2 pièces 42 m² Casablanca  « Les Princesses »"
Casablanca,Val Fleuri,Appartement,13/03/2026,1475000,97,à vendre,"1 chambre, 1 salon. Appartement  2 pièces 97 m² Casablanca  « Val Fleuri »"
Casablanca,Maârif Extension,Appartement,08/03/2026,1150000,104,à vendre,"2 chambre, 2 salon, avec Garage. Appartement  4 pièces 104 m² Casablanca  « Maârif Extension »"
Casablanca,Route D'azemmour,Appartement,08/03/2026,350000,60,à vendre,"1 chambre, 1 salon. Appartement  2 pièces 60 m² Casablanca  « Route D'azemmour »"
Casablanca,Non spécifié,Appartement,08/03/2026,540000,65,à vendre,"2 chambre, 1 salon. Appartement  3 pièces 65 m² Casablanca"
Casablanca,Hay Inara,Appartement,05/03/2026,900000,86,à vendre,"2 chambre, 2 salon. Appartement meublé 4 pièces 86 m² Casablanca  « Hay Inara »"
Casablanca,2 Mars,Appartement,05/03/2026,1300000,84,à vendre,"2 chambre, 1 salon, avec Garage. Appartement  3 pièces 84 m² Casablanca  « 2 Mars »"
Casablanca,Centre Ville,Appartement,05/03/2026,770000,77,à vendre,"1 chambre, 2 salon. Appartement  3 pièces 77 m² Casablanca  « Centre Ville »"
Casablanca,Bourgogne,Appartement,03/03/2026,2499999,153,à vendre,"3 chambre, 1 salon, avec Garage. Appartement  4 pièces 153 m² Casablanca  « Bourgogne »"
Casablanca,Errahma,Appartement,28/02/2026,850000,78,à vendre,"3 chambre, 1 salon. Appartement  4 pièces 78 m² Casablanca  « Errahma »"
Casablanca,Sidi Othmane,Appartement,28/02/2026,315000,56,à vendre,"2 chambre, 1 salon. Appartement  3 pièces 56 m² Casablanca  « Sidi Othmane »"
Casablanca,Non spécifié,Appartement,25/02/2026,620000,84,à vendre,"2 chambre, 2 salon. Appartement  4 pièces 84 m² Casablanca"
Casablanca,Bourgogne,Appartement,24/02/2026,2235000,122,à vendre,"3 chambre, 2 salon, avec Garage. Appartement  5 pièces 122 m² Casablanca  « Bourgogne »"
Casablanca,Non spécifié,Appartement,23/02/2026,900000,59,à vendre,"1 chambre, 1 salon. Appartement meublé 2 pièces 59 m² Casablanca"
Casablanca,Aïn Chock,Appartement,20/02/2026,1940000,93,à vendre,"2 chambre, 1 salon. Appartement  3 pièces 93 m² Casablanca  « Aïn Chock »"
Casablanca,Gauthier,Appartement,17/02/2026,4100000,181,à vendre,"4 chambre, 3 salon, avec Garage. Appartement meublé 7 pièces 181 m² Casablanca  « Gauthier »"
Casablanca,Almaz,Appartement,17/02/2026,1200000,84,à vendre,"2 chambre, 2 salon. Appartement  4 pièces 84 m² Casablanca  « Almaz »"
Casablanca,Nassim,Appartement,15/02/2026,1570000,126,à vendre,"3 chambre, 2 salon, avec Garage. Appartement  5 pièces 126 m² Casablanca  « Nassim »"
Casablanca,Beauséjour,Appartement,11/02/2026,1300000,100,à vendre,"2 chambre, 2 salon, avec Garage. Appartement  4 pièces 100 m² Casablanca  « Beauséjour »"
Casablanca,Errahma,Appartement,10/02/2026,330000,54,à vendre,"1 chambre, 2 salon. Appartement  3 pièces 54 m² Casablanca  « Errahma »"
Casablanca,Hay Moulay Rachid 1,Appartement,08/02/2026,550000,75,à vendre,"2 chambre, 2 salon. Appartement  4 pièces 75 m² Casablanca  « Hay Moulay Rachid 1 »"
Casablanca,Maârif Extension,Appartement,05/02/2026,1044000,52,à vendre,"1 chambre, 1 salon. Appartement  2 pièces 52 m² Casablanca  « Maârif Extension »"
Rabat,Hassan,Appartement,23/04/2026,1050000,40,à vendre,"1 chambre, 1 salon, avec Garage. Appartement  2 pièces 40 m² Rabat  « Hassan »"
Rabat,Hay El Fath,Appartement,23/04/2026,1330000,100,à vendre,"3 chambre, 1 salon. Appartement meublé 4 pièces 100 m² Rabat  « Hay El Fath »"
Rabat,Agdal,Appartement,10/04/2026,2850000,137,à vendre,"3 chambre, 2 salon, avec Garage. Appartement  5 pièces 137 m² Rabat  « Agdal »"
Rabat,Agdal,Appartement,01/04/2026,2618000,119,à vendre,"2 chambre, 2 salon. Appartement  4 pièces 119 m² Rabat  « Agdal »"
Rabat,Hassan,Appartement,28/03/2026,2970000,110,à vendre,"3 chambre, 1 salon, avec Garage. Appartement  4 pièces 110 m² Rabat  « Hassan »"
Rabat,Océan,Appartement,28/03/2026,2880000,120,à vendre,"3 chambre, 2 salon, avec Garage. Appartement  5 pièces 120 m² Rabat  « Océan »"
Rabat,Non spécifié,Appartement,05/03/2026,620000,68,à vendre,"2 chambre, avec Garage. Appartement  2 pièces 68 m² Rabat"
Rabat,Agdal,Appartement,25/02/2026,2500000,103,à vendre,"3 chambre, 1 salon, avec Garage. Appartement  4 pièces 103 m² Rabat  « Agdal »"
Rabat,Hassan,Appartement,04/02/2026,1672000,88,à vendre,"2 chambre, 1 salon, avec Garage. Appartement  3 pièces 88 m² Rabat  « Hassan »"
Fès,Mont Fleuri,Appartement,23/04/2026,340000,86,à vendre,"2 chambre, 1 salon. Appartement  3 pièces 86 m² Fès  « Mont Fleuri »"
Fès,Centre,Appartement,13/04/2026,1100000,113,à vendre,"3 chambre, 2 salon, avec Garage. Appartement meublé 5 pièces 113 m² Fès  « Centre »"
Fès,Tghat,Appartement,04/04/2026,480000,78,à vendre,"2 chambre, 1 salon, avec Garage. Appartement  3 pièces 78 m² Fès  « Tghat »"
Fès,Mont Fleuri 2,Appartement,25/03/2026,520000,98,à vendre,"2 chambre, 2 salon. Appartement  4 pièces 98 m² Fès  « Mont Fleuri 2 »"
Fès,Non spécifié,Appartement,25/03/2026,1050000,145,à vendre,"3 chambre, 3 salon, avec Garage. Appartement  6 pièces 145 m² Fès"
Fès,Hay Saada,Appartement,23/03/2026,550000,155,à vendre,"3 chambre, 1 salon. Appartement  4 pièces 155 m² Fès  « Hay Saada »"
Fès,Narjis,Appartement,24/02/2026,8000000,130,à vendre,"3 chambre, 2 salon, avec Garage. Appartement  5 pièces 130 m² Fès  « Narjis »"
Fès,Mont Fleuri,Appartement,24/02/2026,450000,130,à vendre,"2 chambre, 2 salon. Appartement  4 pièces 130 m² Fès  « Mont Fleuri »"
Fès,Mont Fleuri,Appartement,14/02/2026,390000,81,à vendre,"2 chambre, 2 salon. Appartement  4 pièces 81 m² Fès  « Mont Fleuri »"
Fès,Saies,Appartement,11/02/2026,820000,129,à vendre,"3 chambre, 1 salon, avec Garage. Appartement meublé 4 pièces 129 m² Fès  « Saies »"
Fès,Route De Meknes,Appartement,08/02/2026,480000,99,à vendre,"3 chambre, 1 salon, avec Garage. Appartement  4 pièces 99 m² Fès  « Route De Meknes »"
Fès,Non spécifié,Appartement,06/02/2026,75000,50,à vendre,"1 chambre, 2 salon. Appartement  3 pièces 50 m² Fès"
Fès,Non spécifié,Appartement,05/02/2026,950000,147,à vendre,"3 chambre, 1 salon. Appartement  4 pièces 147 m² Fès"
Fès,Narjis,Appartement,02/02/2026,540000,90,à vendre,"3 chambre, 1 salon. Appartement  4 pièces 90 m² Fès  « Narjis »"
Marrakech,Hay Izdihar,Appartement,04/05/2026,1000000,82,à vendre,"3 chambre, 1 salon. Appartement  4 pièces 82 m² Marrakech  « Hay Izdihar »"
Marrakech,Mabrouka,Appartement,04/05/2026,1300000,75,à vendre,"2 chambre, 1 salon. Appartement  3 pièces 75 m² Marrakech  « Mabrouka »"
Marrakech,M'hamid,Appartement,26/04/2026,500000,54,à vendre,"2 chambre, 1 salon. Appartement  3 pièces 54 m² Marrakech  « M'hamid »"
Marrakech,Semlalia,Appartement,23/04/2026,3000000,100,à vendre,"2 chambre, 1 salon. Appartement  3 pièces 100 m² Marrakech  « Semlalia »"
Marrakech,Les Portes De Marrakech,Appartement,23/04/2026,400000,50,à vendre,2 chambre. Appartement  2 pièces 50 m² Marrakech  « Les Portes De Marrakech »
Marrakech,Hay Izdihar,Appartement,22/04/2026,1001000,77,à vendre,"2 chambre, 1 salon, avec Garage. Appartement  3 pièces 77 m² Marrakech  « Hay Izdihar »"
Marrakech,Daoudiate,Appartement,11/04/2026,960000,90,à vendre,"2 chambre, 2 salon. Appartement meublé 4 pièces 90 m² Marrakech  « Daoudiate »"
Marrakech,M'hamid,Appartement,08/04/2026,660000,72,à vendre,"3 chambre, 1 salon. Appartement  4 pièces 72 m² Marrakech  « M'hamid »"
Marrakech,Amerchich,Appartement,30/03/2026,1335000,89,à vendre,"2 chambre, 1 salon, avec Garage. Appartement meublé 3 pièces 89 m² Marrakech  « Amerchich »"
Marrakech,M'hamid,Appartement,15/03/2026,520000,66,à vendre,"3 chambre, 1 salon. Appartement  4 pièces 66 m² Marrakech  « M'hamid »"
Marrakech,Azli,Appartement,04/03/2026,430000,70,à vendre,"2 chambre, 1 salon. Appartement  3 pièces 70 m² Marrakech  « Azli »"
Marrakech,Av Abdelkrim El Khattabi,Appartement,28/02/2026,1450000,92,à vendre,"2 chambre, 2 salon. Appartement  4 pièces 92 m² Marrakech  « Av Abdelkrim El Khattabi »"
Marrakech,M'hamid,Appartement,26/02/2026,750000,88,à vendre,"2 chambre, 1 salon. Appartement  3 pièces 88 m² Marrakech  « M'hamid »"
Marrakech,Victor Hugo,Appartement,25/02/2026,2000000,117,à vendre,"2 chambre, 1 salon. Appartement  3 pièces 117 m² Marrakech  « Victor Hugo »"
Marrakech,Guéliz,Appartement,25/02/2026,2200000,105,à vendre,"2 chambre, 2 salon, avec Garage. Appartement  4 pièces 105 m² Marrakech  « Guéliz »"
Marrakech,Assif,Appartement,24/02/2026,950000,93,à vendre,"3 chambre, 1 salon. Appartement  4 pièces 93 m² Marrakech  « Assif »"
Marrakech,Non spécifié,Appartement,15/02/2026,1350000,84,à vendre,"2 chambre, 1 salon. Appartement meublé 3 pièces 84 m² Marrakech"
Marrakech,Non spécifié,Appartement,09/02/2026,1490000,93,à vendre,"2 chambre, 1 salon, avec Garage. Appartement meublé 3 pièces 93 m² Marrakech"
Marrakech,Guéliz,Appartement,09/02/2026,1800000,80,à vendre,"2 chambre, 1 salon. Appartement  3 pièces 80 m² Marrakech  « Guéliz »"
Marrakech,Bab Ighli,Appartement,09/02/2026,2000000,97,à vendre,"2 chambre, 1 salon, avec Garage. Appartement  3 pièces 97 m² Marrakech  « Bab Ighli »"
Marrakech,Azli,Appartement,08/02/2026,420000,64,à vendre,"2 chambre, 1 salon. Appartement  3 pièces 64 m² Marrakech  « Azli »"
Tanger,Aharrarine,Appartement,28/04/2026,430000,66,à vendre,"3 chambre, 1 salon, avec Garage. Appartement  4 pièces 66 m² Tanger  « Aharrarine »"
Tanger,Non spécifié,Appartement,28/04/2026,1740000,134,à vendre,"3 chambre, 1 salon. Appartement  4 pièces 134 m² Tanger"
Tanger,Laaouina,Appartement,27/04/2026,950000,93,à vendre,"3 chambre, 1 salon, avec Garage. Appartement  4 pièces 93 m² Tanger  « Laaouina »"
Tanger,Non spécifié,Appartement,27/04/2026,2800000,147,à vendre,"3 chambre, 2 salon, avec Garage. Appartement  5 pièces 147 m² Tanger"
Tanger,Jirrari,Appartement,16/04/2026,858000,78,à vendre,"2 chambre, 1 salon. Appartement meublé 3 pièces 78 m² Tanger  « Jirrari »"
Tanger,Aharrarine,Appartement,15/04/2026,660000,66,à vendre,"3 chambre, 1 salon, avec Garage. Appartement  4 pièces 66 m² Tanger  « Aharrarine »"
Tanger,Non spécifié,Appartement,14/04/2026,1500000,110,à vendre,"2 chambre, 2 salon. Appartement  4 pièces 110 m² Tanger"
Tanger,Hay Hassani,Appartement,11/04/2026,1300000,65,à vendre,"2 chambre, 1 salon. Appartement meublé 3 pièces 65 m² Tanger  « Hay Hassani »"
Tanger,De La Plage,Appartement,05/04/2026,36000000,180,à vendre,"2 chambre, 2 salon, avec Garage. Appartement  4 pièces 180 m² Tanger  « De La Plage »"
Tanger,Centre Ville,Appartement,02/04/2026,1050000,70,à vendre,"3 chambre, 1 salon, avec Garage. Appartement  4 pièces 70 m² Tanger  « Centre Ville »"
Tanger,Non spécifié,Appartement,27/03/2026,3400000,120,à vendre,"2 chambre, 2 salon, avec Garage. Appartement meublé 4 pièces 120 m² Tanger"
Tanger,Administratif,Appartement,27/03/2026,3500000,150,à vendre,"3 chambre, 1 salon, avec Garage. Appartement meublé 4 pièces 150 m² Tanger  « Administratif »"
Tanger,Non spécifié,Appartement,27/03/2026,1200000,73,à vendre,"1 chambre, 2 salon. Appartement meublé 3 pièces 73 m² Tanger"
Tanger,Malabata,Appartement,25/03/2026,2220000,116,à vendre,"2 chambre, 1 salon, avec Garage. Appartement meublé 3 pièces 116 m² Tanger  « Malabata »"
Tanger,Non spécifié,Appartement,25/03/2026,2600000,127,à vendre,"3 chambre, 2 salon. Appartement  5 pièces 127 m² Tanger"
Tanger,Non spécifié,Appartement,24/03/2026,690000,80,à vendre,"3 chambre, 1 salon. Appartement  4 pièces 80 m² Tanger"
Tanger,Médina,Appartement,10/03/2026,3750000,150,à vendre,"3 chambre, 2 salon. Appartement meublé 5 pièces 150 m² Tanger  « Médina »"
Tanger,Malabata,Appartement,07/03/2026,1989000,102,à vendre,"3 chambre, 1 salon, avec Garage. Appartement  4 pièces 102 m² Tanger  « Malabata »"
Tanger,Castilla,Appartement,28/02/2026,1700000,100,à vendre,"3 chambre, 1 salon, avec Garage. Appartement  4 pièces 100 m² Tanger  « Castilla »"
Tanger,Sania,Appartement,27/02/2026,4300000,154,à vendre,"3 chambre, 1 salon. Appartement  4 pièces 154 m² Tanger  « Sania »"
Tanger,Iberie,Appartement,27/02/2026,2500000,147,à vendre,"3 chambre, 2 salon. Appartement  5 pièces 147 m² Tanger  « Iberie »"
Tanger,Non spécifié,Appartement,26/02/2026,2600000,178,à vendre,"3 chambre, 2 salon. Appartement  5 pièces 178 m² Tanger"
Tanger,Aouama Gharbia,Appartement,26/02/2026,410000,65,à vendre,"2 chambre, 1 salon. Appartement  3 pièces 65 m² Tanger  « Aouama Gharbia »"
Tanger,Malabata,Appartement,23/02/2026,1700000,105,à vendre,"3 chambre, 1 salon, avec Garage. Appartement  4 pièces 105 m² Tanger  « Malabata »"
Tanger,Malabata,Appartement,23/02/2026,1150000,70,à vendre,"2 chambre, 1 salon. Appartement  3 pièces 70 m² Tanger  « Malabata »"
Tanger,Centre Ville,Appartement,20/02/2026,1350000,101,à vendre,"3 chambre, 2 salon, avec Garage. Appartement  5 pièces 101 m² Tanger  « Centre Ville »"
Tanger,Non spécifié,Appartement,19/02/2026,1855000,103,à vendre,"2 chambre, 2 salon, avec Garage. Appartement  4 pièces 103 m² Tanger"
Tanger,Malabata,Appartement,14/02/2026,5250000,175,à vendre,"3 chambre, 1 salon. Appartement  4 pièces 175 m² Tanger  « Malabata »"
Tanger,Non spécifié,Appartement,04/02/2026,4800000,196,à vendre,"4 chambre, 1 salon. Appartement  5 pièces 196 m² Tanger"
Tanger,Hay Hassani,Appartement,04/02/2026,960000,80,à vendre,"2 chambre, 1 salon. Appartement  3 pièces 80 m² Tanger  « Hay Hassani »"
Tanger,Hay Hassani,Appartement,04/02/2026,860000,86,à vendre,"3 chambre, 1 salon. Appartement  4 pièces 86 m² Tanger  « Hay Hassani »"
Tanger,Malabata,Appartement,02/02/2026,1550000,55,à vendre,"1 chambre, 1 salon. Appartement  2 pièces 55 m² Tanger  « Malabata »"
Agadir,Haut Anza,Appartement,08/04/2026,880000,75,à vendre,"2 chambre, 1 salon. Appartement  3 pièces 75 m² Agadir  « Haut Anza »"
Agadir,Haut Anza,Appartement,08/04/2026,980000,90,à vendre,"2 chambre, 1 salon. Appartement  3 pièces 90 m² Agadir  « Haut Anza »"
Agadir,Haut Anza,Appartement,08/04/2026,890000,73,à vendre,"2 chambre, 1 salon. Appartement meublé 3 pièces 73 m² Agadir  « Haut Anza »"
Agadir,Amsernate,Appartement,16/03/2026,950000,78,à vendre,"2 chambre, 1 salon. Appartement  3 pièces 78 m² Agadir  « Amsernate »"
Agadir,Hay Salam,Appartement,14/03/2026,14000,112,à vendre,"3 chambre, 1 salon. Appartement  4 pièces 112 m² Agadir  « Hay Salam »"
Agadir,Hay Mohammadi,Appartement,17/02/2026,650000,55,à vendre,"2 chambre, 1 salon. Appartement  3 pièces 55 m² Agadir  « Hay Mohammadi »"
Agadir,Hay Salam,Appartement,13/02/2026,800000,100,à vendre,"3 chambre, 1 salon. Appartement  4 pièces 100 m² Agadir  « Hay Salam »"
Oujda,Non spécifié,Appartement,10/04/2026,740000,141,à vendre,"4 chambre, 1 salon. Appartement  5 pièces 141 m² Oujda"
Oujda,Non spécifié,Appartement,20/02/2026,250000,56,à vendre,"2 chambre, 1 salon. Appartement  3 pièces 56 m² Oujda"
Kénitra,El Assam,Appartement,22/04/2026,270000,45,à vendre,"2 chambre, 1 salon. Appartement  3 pièces 45 m² Kenitra  « El Assam »"
Kénitra,Centre,Appartement,30/03/2026,1400000,150,à vendre,"3 chambre, 2 salon. Appartement  5 pièces 150 m² Kenitra  « Centre »"
Kénitra,Centre,Appartement,11/03/2026,980000,107,à vendre,"3 chambre, 1 salon, avec Garage. Appartement meublé 4 pièces 107 m² Kenitra  « Centre »"
Kénitra,Assam,Appartement,25/02/2026,700000,128,à vendre,"2 chambre, 1 salon. Appartement  3 pièces 128 m² Kenitra  « Assam »"
Kénitra,Bir Rami,Appartement,20/02/2026,440000,90,à vendre,"3 chambre, 1 salon. Appartement  4 pièces 90 m² Kenitra  « Bir Rami »"
Kénitra,Non spécifié,Appartement,13/02/2026,490000,78,à vendre,"2 chambre, 1 salon. Appartement  3 pièces 78 m² Kenitra"
Salé,Abouab Sala,Appartement,04/05/2026,420000,60,à vendre,"2 chambre, 1 salon. Appartement  3 pièces 60 m² Salé  « Abouab Sala »"
Salé,Sala El Jadida,Appartement,26/04/2026,570000,63,à vendre,"2 chambre, 1 salon. Appartement  3 pièces 63 m² Salé  « Sala El Jadida »"
Salé,Said Hajji,Appartement,23/04/2026,780000,87,à vendre,"2 chambre, 2 salon, avec Garage. Appartement  4 pièces 87 m² Salé  « Said Hajji »"
Salé,Hay Chmaou,Appartement,13/04/2026,550000,61,à vendre,"2 chambre, 1 salon, avec Garage. Appartement  3 pièces 61 m² Salé  « Hay Chmaou »"
Salé,Sala El Jadida,Appartement,11/04/2026,740000,91,à vendre,"2 chambre, 1 salon. Appartement  3 pièces 91 m² Salé  « Sala El Jadida »"
Salé,Non spécifié,Appartement,07/04/2026,450000,96,à vendre,"2 chambre, 1 salon. Appartement  3 pièces 96 m² Salé"
Salé,Hay Karima,Appartement,02/04/2026,750000,80,à vendre,"2 chambre, 1 salon, avec Garage. Appartement meublé 3 pièces 80 m² Salé  « Hay Karima »"
Salé,Said Hajji,Appartement,29/03/2026,660000,90,à vendre,"2 chambre, 2 salon. Appartement meublé 4 pièces 90 m² Salé  « Said Hajji »"
Salé,Said Hajji,Appartement,27/03/2026,1100000,121,à vendre,"3 chambre, 2 salon, avec Garage. Appartement  5 pièces 121 m² Salé  « Said Hajji »"
Salé,Hay Chmaou,Appartement,01/03/2026,792000,66,à vendre,"2 chambre, 1 salon, avec Garage. Appartement  3 pièces 66 m² Salé  « Hay Chmaou »"
Salé,Sala El Jadida,Appartement,22/02/2026,396000,45,à vendre,"1 chambre, 1 salon. Appartement  2 pièces 45 m² Salé  « Sala El Jadida »"
Salé,Hay Oued Dahab,Appartement,17/02/2026,250000,66,à vendre,"2 chambre, 1 salon. Appartement  3 pièces 66 m² Salé  « Hay Oued Dahab »"
Salé,Said Hajji,Appartement,11/02/2026,490000,67,à vendre,"2 chambre, 1 salon. Appartement meublé 3 pièces 67 m² Salé  « Said Hajji »"
Salé,Tabriquet,Appartement,09/02/2026,480000,52,à vendre,"2 chambre, 1 salon. Appartement  3 pièces 52 m² Salé  « Tabriquet »"
Salé,Said Hajji,Appartement,08/02/2026,540000,65,à vendre,"2 chambre, 1 salon. Appartement meublé 3 pièces 65 m² Salé  « Said Hajji »"
Mohammedia,Non spécifié,Appartement,25/04/2026,370000,65,à vendre,"2 chambre, 1 salon. Appartement  3 pièces 65 m² Mohammedia"
Mohammedia,Non spécifié,Appartement,15/03/2026,450000,97,à vendre,"2 chambre, 1 salon. Appartement  3 pièces 97 m² Mohammedia"
Mohammedia,Zenata,Appartement,04/03/2026,550000,64,à vendre,"2 chambre, 1 salon, avec Garage. Appartement  3 pièces 64 m² Mohammedia  « Zenata »"
Mohammedia,Nassim,Appartement,23/02/2026,1100000,127,à vendre,"4 chambre, 1 salon, avec Garage. Appartement  5 pièces 127 m² Mohammedia  « Nassim »"
Mohammedia,Hay Mesk Lil,Appartement,07/02/2026,850000,95,à vendre,"2 chambre, 2 salon. Appartement  4 pièces 95 m² Mohammedia  « Hay Mesk Lil »"
Casablanca,Bourgogne,Appartement,07/05/2026,5500,72,Location,Appartement  3 pièces 72 m² Casablanca  « Bourgogne »
Casablanca,Maarif,Appartement,07/05/2026,24000,60,Location,Appartement  2 pièces 60 m² Casablanca  « Maarif »
Casablanca,Oasis,Appartement,05/05/2026,7500,50,Location,Appartement meublé 2 pièces 50 m² Casablanca  « Oasis »
Casablanca,Hay Hassani,Appartement,05/05/2026,2300,58,Location,Appartement  3 pièces 58 m² Casablanca  « Hay Hassani »
Casablanca,Maarif,Appartement,04/05/2026,6000,110,Location,Appartement  4 pièces 110 m² Casablanca  « Maarif »
Casablanca,Non spécifié,Appartement,04/05/2026,2500,56,Location,Appartement  3 pièces 56 m² Casablanca
Casablanca,Non spécifié,Appartement,03/05/2026,6500,60,Location,Appartement meublé 3 pièces 60 m² Casablanca
Casablanca,Maarif,Appartement,26/04/2026,24000,45,Location,Appartement meublé 2 pièces 45 m² Casablanca  « Maarif »
Casablanca,Derb Ghallef,Appartement,24/04/2026,9000,6000,Location,Appartement  3 pièces 6000 m² Casablanca  « Derb Ghallef »
Casablanca,Riviera,Appartement,24/04/2026,6000,49,Location,Appartement  2 pièces 49 m² Casablanca  « Riviera »
Casablanca,Non spécifié,Appartement,24/04/2026,6500,98,Location,Appartement meublé 3 pièces 98 m² Casablanca
Casablanca,Maârif Extension,Appartement,24/04/2026,7500,80,Location,Appartement  3 pièces 80 m² Casablanca  « Maârif Extension »
Casablanca,Racine,Appartement,24/04/2026,15900,170,Location,Appartement  6 pièces 170 m² Casablanca  « Racine »
Casablanca,Gauthier,Appartement,22/04/2026,13000,180,Location,Appartement  5 pièces 180 m² Casablanca  « Gauthier »
Casablanca,Derb Omar,Appartement,21/04/2026,6550,56,Location,Appartement meublé 2 pièces 56 m² Casablanca  « Derb Omar »
Casablanca,Les Princesses,Appartement,20/04/2026,10000,100,Location,Appartement meublé 3 pièces 100 m² Casablanca  « Les Princesses »
Casablanca,Non spécifié,Appartement,19/04/2026,11000,130,Location,Appartement meublé 4 pièces 130 m² Casablanca
Casablanca,Racine,Appartement,19/04/2026,12000,91,Location,Appartement meublé 3 pièces 91 m² Casablanca  « Racine »
Casablanca,Val Fleuri,Appartement,18/04/2026,14002,154,Location,Appartement  5 pièces 154 m² Casablanca  « Val Fleuri »
Casablanca,Non spécifié,Appartement,18/04/2026,18000,40,Location,Appartement meublé 2 pièces 40 m² Casablanca
Casablanca,Aïn Borja,Appartement,18/04/2026,6500,131,Location,Appartement meublé 5 pièces 131 m² Casablanca  « Aïn Borja »
Casablanca,Non spécifié,Appartement,17/04/2026,9000,160,Location,Appartement  4 pièces 160 m² Casablanca
Casablanca,Abdelmoumen,Appartement,17/04/2026,5300,50,Location,Appartement  2 pièces 50 m² Casablanca  « Abdelmoumen »
Casablanca,Sidi Maarouf,Appartement,17/04/2026,3700,70,Location,Appartement  4 pièces 70 m² Casablanca  « Sidi Maarouf »
Casablanca,Non spécifié,Appartement,16/04/2026,18000,70,Location,Appartement  2 pièces 70 m² Casablanca
Casablanca,Les Princesses,Appartement,16/04/2026,8500,64,Location,Appartement  2 pièces 64 m² Casablanca  « Les Princesses »
Casablanca,Beauséjour,Appartement,16/04/2026,8000,84,Location,Appartement  3 pièces 84 m² Casablanca  « Beauséjour »
Casablanca,Bourgogne,Appartement,16/04/2026,9000,97,Location,Appartement  3 pièces 97 m² Casablanca  « Bourgogne »
Casablanca,Riviera,Appartement,16/04/2026,6800,80,Location,Appartement  3 pièces 80 m² Casablanca  « Riviera »
Casablanca,Non spécifié,Appartement,16/04/2026,12000,70,Location,Appartement  3 pièces 70 m² Casablanca
Casablanca,Maârif Extension,Appartement,13/04/2026,10500,125,Location,Appartement  4 pièces 125 m² Casablanca  « Maârif Extension »
Casablanca,Palmier,Appartement,08/04/2026,7000,45,Location,Appartement meublé 2 pièces 45 m² Casablanca  « Palmier »
Casablanca,Palmier,Appartement,06/04/2026,7000,56,Location,Appartement meublé 2 pièces 56 m² Casablanca  « Palmier »
Casablanca,Non spécifié,Appartement,06/04/2026,6500,86,Location,Appartement  3 pièces 86 m² Casablanca
Casablanca,Derb Ghallef,Appartement,06/04/2026,8500,100,Location,Appartement meublé 4 pièces 100 m² Casablanca  « Derb Ghallef »
Casablanca,Bachkou,Appartement,05/04/2026,6500,120,Location,Appartement  4 pièces 120 m² Casablanca  « Bachkou »
Casablanca,Maârif Extension,Appartement,05/04/2026,7000,45,Location,Appartement meublé 2 pièces 45 m² Casablanca  « Maârif Extension »
Casablanca,Aïn Borja,Appartement,04/04/2026,4000,70,Location,Appartement  3 pièces 70 m² Casablanca  « Aïn Borja »
Casablanca,Maarif,Appartement,04/04/2026,6500,52,Location,Appartement meublé 2 pièces 52 m² Casablanca  « Maarif »
Casablanca,Hermitage,Appartement,03/04/2026,6500,56,Location,Appartement  2 pièces 56 m² Casablanca  « Hermitage »
Casablanca,Ben Ejdia,Appartement,03/04/2026,4700,48,Location,Appartement meublé 2 pièces 48 m² Casablanca  « Ben Ejdia »
Casablanca,Belvédère,Appartement,02/04/2026,6000,60,Location,Appartement meublé 2 pièces 60 m² Casablanca  « Belvédère »
Casablanca,Non spécifié,Appartement,31/03/2026,1800,54,Location,Appartement  3 pièces 54 m² Casablanca
Casablanca,Roches Noires,Appartement,26/03/2026,15000,62,Location,Appartement meublé 2 pièces 62 m² Casablanca  « Roches Noires »
Casablanca,Centre Ville,Appartement,18/03/2026,4200,75,Location,Appartement  3 pièces 75 m² Casablanca  « Centre Ville »
Casablanca,Racine,Appartement,13/03/2026,8000,70,Location,Appartement meublé 2 pièces 70 m² Casablanca  « Racine »
Casablanca,Gauthier,Appartement,13/03/2026,8000,60,Location,Appartement meublé 2 pièces 60 m² Casablanca  « Gauthier »
Casablanca,Triangle D'or,Appartement,13/03/2026,15000,165,Location,Appartement  3 pièces 165 m² Casablanca  « Triangle D'or »
Casablanca,Gauthier,Appartement,13/03/2026,11700,140,Location,Appartement  3 pièces 140 m² Casablanca  « Gauthier »
Casablanca,Palmier,Appartement,13/03/2026,9000,102,Location,Appartement meublé 3 pièces 102 m² Casablanca  « Palmier »
Casablanca,Triangle D'or,Appartement,13/03/2026,11500,110,Location,Appartement  4 pièces 110 m² Casablanca  « Triangle D'or »
Casablanca,Les Princesses,Appartement,13/03/2026,7000,41,Location,Appartement meublé 2 pièces 41 m² Casablanca  « Les Princesses »
Casablanca,Gauthier,Appartement,13/03/2026,20000,220,Location,Appartement  5 pièces 220 m² Casablanca  « Gauthier »
Casablanca,Gauthier,Appartement,13/03/2026,16000,165,Location,Appartement  5 pièces 165 m² Casablanca  « Gauthier »
Casablanca,Aïn Diab,Appartement,13/03/2026,8500,137,Location,Appartement  4 pièces 137 m² Casablanca  « Aïn Diab »
Casablanca,Abdelmoumen,Appartement,13/03/2026,8500,46,Location,Appartement meublé 2 pièces 46 m² Casablanca  « Abdelmoumen »
Casablanca,Mers Sultan,Appartement,12/03/2026,3700,42,Location,Appartement  2 pièces 42 m² Casablanca  « Mers Sultan »
Casablanca,Maarif,Appartement,12/03/2026,6000,48,Location,Appartement meublé 2 pièces 48 m² Casablanca  « Maarif »
Casablanca,Roches Noires,Appartement,12/03/2026,16500,62,Location,Appartement meublé 2 pièces 62 m² Casablanca  « Roches Noires »
Casablanca,Les Princesses,Appartement,11/03/2026,7500,85,Location,Appartement  3 pièces 85 m² Casablanca  « Les Princesses »
Casablanca,Bourgogne,Appartement,11/03/2026,7800,116,Location,Appartement  3 pièces 116 m² Casablanca  « Bourgogne »
Casablanca,Aïn Diab,Appartement,06/03/2026,8000,73,Location,Appartement  3 pièces 73 m² Casablanca  « Aïn Diab »
Casablanca,Les Princesses,Appartement,05/03/2026,8000,60,Location,Appartement  2 pièces 60 m² Casablanca  « Les Princesses »
Casablanca,Val Fleuri,Appartement,23/02/2026,6500,45,Location,Appartement  2 pièces 45 m² Casablanca  « Val Fleuri »
Casablanca,Triangle D'or,Appartement,23/02/2026,8500,10,Location,Appartement meublé 1 pièces 10 m² Casablanca  « Triangle D'or »
Casablanca,Les Princesses,Appartement,23/02/2026,9000,0,Location,Appartement  2 pièces 0 m² Casablanca  « Les Princesses »
Casablanca,Bourgogne,Appartement,23/02/2026,7000,52,Location,Appartement  2 pièces 52 m² Casablanca  « Bourgogne »
Casablanca,Franceville,Appartement,23/02/2026,8500,74,Location,Appartement  3 pièces 74 m² Casablanca  « Franceville »
Casablanca,Non spécifié,Appartement,23/02/2026,12000,128,Location,Appartement  4 pièces 128 m² Casablanca
Casablanca,Maarif,Appartement,23/02/2026,9000,150,Location,Appartement  4 pièces 150 m² Casablanca  « Maarif »
Casablanca,Roches Noires,Appartement,23/02/2026,8000,87,Location,Appartement  3 pièces 87 m² Casablanca  « Roches Noires »
Casablanca,Aïn Borja,Appartement,22/02/2026,6600,77,Location,Appartement  3 pièces 77 m² Casablanca  « Aïn Borja »
Casablanca,Belvédère,Appartement,22/02/2026,5250,46,Location,Appartement meublé 2 pièces 46 m² Casablanca  « Belvédère »
Casablanca,Route D'azemmour,Appartement,21/02/2026,10500,50,Location,Appartement meublé 2 pièces 50 m² Casablanca  « Route D'azemmour »
Casablanca,Centre Ville,Appartement,21/02/2026,12000,80,Location,Appartement meublé 2 pièces 80 m² Casablanca  « Centre Ville »
Casablanca,Maârif Extension,Appartement,20/02/2026,3500,46,Location,Appartement  2 pièces 46 m² Casablanca  « Maârif Extension »
Casablanca,Ain Sebaa,Appartement,19/02/2026,5000,91,Location,Appartement  3 pièces 91 m² Casablanca  « Ain Sebaa »
Casablanca,Les Princesses,Appartement,18/02/2026,9000,58,Location,Appartement meublé 2 pièces 58 m² Casablanca  « Les Princesses »
Casablanca,Anfa,Appartement,17/02/2026,4000,44,Location,Appartement  2 pièces 44 m² Casablanca  « Anfa »
Casablanca,Anfa,Appartement,17/02/2026,2200,23,Location,Appartement  1 pièces 23 m² Casablanca  « Anfa »
Casablanca,Centre Ville,Appartement,17/02/2026,2000,23,Location,Appartement  1 pièces 23 m² Casablanca  « Centre Ville »
Casablanca,Belvédère,Appartement,17/02/2026,1500,33,Location,Appartement  1 pièces 33 m² Casablanca  « Belvédère »
Casablanca,2 Mars,Appartement,15/02/2026,21000,170,Location,Appartement meublé 6 pièces 170 m² Casablanca  « 2 Mars »
Casablanca,Non spécifié,Appartement,15/02/2026,18000,110,Location,Appartement meublé 4 pièces 110 m² Casablanca
Casablanca,Centre Ville,Appartement,15/02/2026,4600,53,Location,Appartement  2 pièces 53 m² Casablanca  « Centre Ville »
Casablanca,Maarif,Appartement,14/02/2026,12000,130,Location,Appartement meublé 5 pièces 130 m² Casablanca  « Maarif »
Casablanca,Centre Ville,Appartement,12/02/2026,5000,54,Location,Appartement  2 pièces 54 m² Casablanca  « Centre Ville »
Casablanca,Racine,Appartement,12/02/2026,11500,160,Location,Appartement  5 pièces 160 m² Casablanca  « Racine »
Casablanca,Triangle D'or,Appartement,11/02/2026,15000,165,Location,Appartement  3 pièces 165 m² Casablanca  « Triangle D'or »
Casablanca,Maarif,Appartement,10/02/2026,15000,90,Location,Appartement meublé 3 pièces 90 m² Casablanca  « Maarif »
Casablanca,Racine,Appartement,10/02/2026,17000,155,Location,Appartement  4 pièces 155 m² Casablanca  « Racine »
Casablanca,Triangle D'or,Appartement,10/02/2026,12500,110,Location,Appartement  4 pièces 110 m² Casablanca  « Triangle D'or »
Casablanca,Maarif,Appartement,10/02/2026,8500,73,Location,Appartement meublé 2 pièces 73 m² Casablanca  « Maarif »
Casablanca,Racine,Appartement,10/02/2026,16000,178,Location,Appartement  4 pièces 178 m² Casablanca  « Racine »
Casablanca,Racine,Appartement,10/02/2026,14000,130,Location,Appartement  4 pièces 130 m² Casablanca  « Racine »
Casablanca,Ben Ejdia,Appartement,07/02/2026,5250,50,Location,Appartement meublé 2 pièces 50 m² Casablanca  « Ben Ejdia »
Rabat,Agdal,Appartement,06/05/2026,4500,50,Location,Appartement  2 pièces 50 m² Rabat  « Agdal »
Rabat,Hassan,Appartement,03/05/2026,11500,85,Location,Appartement meublé 3 pièces 85 m² Rabat  « Hassan »
Rabat,Hassan,Appartement,03/05/2026,12000,50,Location,Appartement meublé 2 pièces 50 m² Rabat  « Hassan »
Rabat,Agdal,Appartement,02/05/2026,8200,65,Location,Appartement meublé 2 pièces 65 m² Rabat  « Agdal »
Rabat,Diour Jamaa,Appartement,01/05/2026,8000,95,Location,Appartement  4 pièces 95 m² Rabat  « Diour Jamaa »
Rabat,Agdal,Appartement,30/04/2026,7000,65,Location,Appartement  3 pièces 65 m² Rabat  « Agdal »
Rabat,Hassan,Appartement,28/04/2026,12000,90,Location,Appartement  3 pièces 90 m² Rabat  « Hassan »
Rabat,Hassan,Appartement,23/04/2026,8500,100,Location,Appartement  4 pièces 100 m² Rabat  « Hassan »
Rabat,Agdal,Appartement,20/04/2026,3600,25,Location,Appartement  2 pièces 25 m² Rabat  « Agdal »
Rabat,Hassan,Appartement,20/04/2026,13000,125,Location,Appartement meublé 5 pièces 125 m² Rabat  « Hassan »
Rabat,Hassan,Appartement,18/04/2026,6000,22,Location,Appartement meublé 2 pièces 22 m² Rabat  « Hassan »
Rabat,Hassan,Appartement,17/04/2026,7500,135,Location,Appartement  4 pièces 135 m² Rabat  « Hassan »
Rabat,Agdal,Appartement,13/04/2026,8000,62,Location,Appartement meublé 3 pièces 62 m² Rabat  « Agdal »
Rabat,Hassan,Appartement,11/04/2026,8500,75,Location,Appartement meublé 2 pièces 75 m² Rabat  « Hassan »
Rabat,Hay Al Farah,Appartement,11/04/2026,4000,60,Location,Appartement  3 pièces 60 m² Rabat  « Hay Al Farah »
Rabat,Agdal,Appartement,09/04/2026,9000,55,Location,Appartement meublé 2 pièces 55 m² Rabat  « Agdal »
Rabat,Hassan,Appartement,07/04/2026,7000,50,Location,Appartement meublé 2 pièces 50 m² Rabat  « Hassan »
Rabat,Agdal,Appartement,06/04/2026,18000,60,Location,Appartement meublé 2 pièces 60 m² Rabat  « Agdal »
Rabat,Agdal,Appartement,06/04/2026,8000,55,Location,Appartement meublé 2 pièces 55 m² Rabat  « Agdal »
Rabat,Hay Riad,Appartement,04/04/2026,14000,91,Location,Appartement meublé 3 pièces 91 m² Rabat  « Hay Riad »
Rabat,Hassan,Appartement,02/04/2026,21000,80,Location,Appartement meublé 3 pièces 80 m² Rabat  « Hassan »
Rabat,Hassan,Appartement,01/04/2026,21000,90,Location,Appartement meublé 3 pièces 90 m² Rabat  « Hassan »
Rabat,Non spécifié,Appartement,31/03/2026,2900,28,Location,Appartement  1 pièces 28 m² Rabat
Rabat,Agdal,Appartement,30/03/2026,27000,120,Location,Appartement meublé 4 pièces 120 m² Rabat  « Agdal »
Rabat,Hassan,Appartement,28/03/2026,5000,30,Location,Appartement meublé 2 pièces 30 m² Rabat  « Hassan »
Rabat,Agdal,Appartement,26/03/2026,18000,60,Location,Appartement  2 pièces 60 m² Rabat  « Agdal »
Rabat,Hassan,Appartement,24/03/2026,7000,30,Location,Appartement meublé 2 pièces 30 m² Rabat  « Hassan »
Rabat,Hassan,Appartement,24/03/2026,8000,70,Location,Appartement meublé 2 pièces 70 m² Rabat  « Hassan »
Rabat,Agdal,Appartement,16/03/2026,21000,70,Location,Appartement meublé 3 pièces 70 m² Rabat  « Agdal »
Rabat,Agdal,Appartement,13/03/2026,11000,100,Location,Appartement meublé 3 pièces 100 m² Rabat  « Agdal »
Rabat,Haut Agdal,Appartement,27/02/2026,18000,60,Location,Appartement meublé 2 pièces 60 m² Rabat  « Haut Agdal »
Rabat,Yacoub El Mansour,Appartement,23/02/2026,12000,0,Location,Appartement  4 pièces 0 m² Rabat  « Yacoub El Mansour »
Rabat,Agdal,Appartement,23/02/2026,8500,95,Location,Appartement meublé 3 pièces 95 m² Rabat  « Agdal »
Rabat,Agdal,Appartement,17/02/2026,4500,55,Location,Appartement  2 pièces 55 m² Rabat  « Agdal »
Rabat,Hay Riad,Appartement,16/02/2026,9500,118,Location,Appartement  4 pièces 118 m² Rabat  « Hay Riad »
Rabat,Haut Agdal,Appartement,16/02/2026,13000,110,Location,Appartement  3 pièces 110 m² Rabat  « Haut Agdal »
Rabat,Souissi,Appartement,14/02/2026,22000,145,Location,Appartement  4 pièces 145 m² Rabat  « Souissi »
Rabat,Hassan,Appartement,10/02/2026,17500,168,Location,Appartement  3 pièces 168 m² Rabat  « Hassan »
Rabat,Agdal,Appartement,09/02/2026,6500,90,Location,Appartement  3 pièces 90 m² Rabat  « Agdal »
Rabat,Haut Agdal,Appartement,08/02/2026,9000,55,Location,Appartement meublé 2 pièces 55 m² Rabat  « Haut Agdal »
Rabat,Non spécifié,Appartement,08/02/2026,8600,98,Location,Appartement  3 pièces 98 m² Rabat
Rabat,Haut Agdal,Appartement,07/02/2026,9000,78,Location,Appartement  2 pièces 78 m² Rabat  « Haut Agdal »
Rabat,Souissi,Appartement,05/02/2026,21000,140,Location,Appartement  4 pièces 140 m² Rabat  « Souissi »
Rabat,Agdal,Appartement,03/02/2026,18000,60,Location,Appartement meublé 2 pièces 60 m² Rabat  « Agdal »
Rabat,Hay Riad,Appartement,02/02/2026,14500,80,Location,Appartement meublé 3 pièces 80 m² Rabat  « Hay Riad »
Rabat,Non spécifié,Appartement,01/02/2026,13500,158,Location,Appartement  4 pièces 158 m² Rabat
Fès,Saies,Appartement,28/04/2026,1000,100,Location,Appartement  4 pièces 100 m² Fès  « Saies »
Fès,Non spécifié,Appartement,23/03/2026,6000,45,Location,Appartement meublé 2 pièces 45 m² Fès
Fès,Agdal,Appartement,14/03/2026,10500,90,Location,Appartement  4 pièces 90 m² Fès  « Agdal »
Fès,Centre,Appartement,13/03/2026,9000,65,Location,Appartement meublé 3 pièces 65 m² Fès  « Centre »
Fès,Centre,Appartement,09/03/2026,7500,70,Location,Appartement  3 pièces 70 m² Fès  « Centre »
Fès,Fès Médina,Appartement,09/03/2026,7500,76,Location,Appartement meublé 3 pièces 76 m² Fès  « Fès Médina »
Fès,Route Ain Chkaf,Appartement,09/03/2026,10500,65,Location,Appartement meublé 2 pièces 65 m² Fès  « Route Ain Chkaf »
Fès,Centre,Appartement,09/03/2026,6000,35,Location,Appartement meublé 2 pièces 35 m² Fès  « Centre »
Fès,Centre,Appartement,08/03/2026,10500,70,Location,Appartement meublé 3 pièces 70 m² Fès  « Centre »
Fès,Centre,Appartement,08/03/2026,9000,65,Location,Appartement meublé 3 pièces 65 m² Fès  « Centre »
Fès,Agdal,Appartement,08/03/2026,10500,90,Location,Appartement  3 pièces 90 m² Fès  « Agdal »
Fès,Centre,Appartement,08/03/2026,9000,80,Location,Appartement meublé 4 pièces 80 m² Fès  « Centre »
Fès,Centre,Appartement,07/03/2026,7500,75,Location,Appartement meublé 3 pièces 75 m² Fès  « Centre »
Fès,Ain Amiyer,Appartement,07/03/2026,10500,90,Location,Appartement  5 pièces 90 m² Fès  « Ain Amiyer »
Fès,Agdal,Appartement,07/03/2026,9000,70,Location,Appartement meublé 3 pièces 70 m² Fès  « Agdal »
Fès,Centre,Appartement,07/03/2026,15000,60,Location,Appartement meublé 2 pièces 60 m² Fès  « Centre »
Fès,Agdal,Appartement,07/03/2026,10500,80,Location,Appartement meublé 3 pièces 80 m² Fès  « Agdal »
Fès,Ain Amiyer,Appartement,05/03/2026,7500,50,Location,Appartement  2 pièces 50 m² Fès  « Ain Amiyer »
Fès,Ain Amiyer,Appartement,05/03/2026,7500,56,Location,Appartement  2 pièces 56 m² Fès  « Ain Amiyer »
Fès,Oued Fès,Appartement,27/02/2026,18000,90,Location,Appartement  4 pièces 90 m² Fès  « Oued Fès »
Fès,Route Ain Chkaf,Appartement,12/02/2026,12000,96,Location,Appartement meublé 4 pièces 96 m² Fès  « Route Ain Chkaf »
Fès,Route Ain Chkaf,Appartement,10/02/2026,9000,70,Location,Appartement meublé 2 pièces 70 m² Fès  « Route Ain Chkaf »
Fès,Route Ain Chkaf,Appartement,10/02/2026,9000,60,Location,Appartement meublé 3 pièces 60 m² Fès  « Route Ain Chkaf »
Marrakech,Guéliz,Appartement,07/05/2026,9000,88,Location,Appartement meublé 4 pièces 88 m² Marrakech  « Guéliz »
Marrakech,Route De Safi,Appartement,06/05/2026,7000,80,Location,Appartement meublé 3 pièces 80 m² Marrakech  « Route De Safi »
Marrakech,Non spécifié,Appartement,04/05/2026,9000,60,Location,Appartement  3 pièces 60 m² Marrakech
Marrakech,Route De Lalla Takerkoust,Appartement,02/05/2026,22,50,Location,Appartement  2 pièces 50 m² Marrakech  « Route De Lalla Takerkoust »
Marrakech,Non spécifié,Appartement,01/05/2026,16500,78,Location,Appartement meublé 3 pièces 78 m² Marrakech
Marrakech,M'hamid,Appartement,26/04/2026,12000,80,Location,Appartement  3 pièces 80 m² Marrakech  « M'hamid »
Marrakech,M'hamid,Appartement,19/04/2026,4000,96,Location,Appartement  4 pièces 96 m² Marrakech  « M'hamid »
Marrakech,Victor Hugo,Appartement,17/04/2026,6200,40,Location,Appartement meublé 2 pièces 40 m² Marrakech  « Victor Hugo »
Marrakech,Guéliz,Appartement,17/04/2026,18000,100,Location,Appartement  3 pièces 100 m² Marrakech  « Guéliz »
Marrakech,Guéliz,Appartement,16/04/2026,9000,85,Location,Appartement meublé 4 pièces 85 m² Marrakech  « Guéliz »
Marrakech,Guéliz,Appartement,11/04/2026,9000,90,Location,Appartement meublé 4 pièces 90 m² Marrakech  « Guéliz »
Marrakech,Hay Izdihar,Appartement,07/04/2026,7000,65,Location,Appartement   65 m² Marrakech  « Hay Izdihar »
Marrakech,Hay Targa,Appartement,07/04/2026,3700,70,Location,Appartement  3 pièces 70 m² Marrakech  « Hay Targa »
Marrakech,Guéliz,Appartement,06/04/2026,12000,90,Location,Appartement meublé 4 pièces 90 m² Marrakech  « Guéliz »
Marrakech,Route De Casablanca,Appartement,03/04/2026,12000,50,Location,Appartement meublé 3 pièces 50 m² Marrakech  « Route De Casablanca »
Marrakech,Guéliz,Appartement,25/03/2026,9000,88,Location,Appartement meublé 4 pièces 88 m² Marrakech  « Guéliz »
Marrakech,Guéliz,Appartement,24/03/2026,10500,90,Location,Appartement meublé 3 pièces 90 m² Marrakech  « Guéliz »
Marrakech,Route De Casablanca,Appartement,21/03/2026,5500,64,Location,Appartement meublé 3 pièces 64 m² Marrakech  « Route De Casablanca »
Marrakech,Guéliz,Appartement,21/03/2026,8000,80,Location,Appartement  3 pièces 80 m² Marrakech  « Guéliz »
Marrakech,Guéliz,Appartement,19/03/2026,9000,90,Location,Appartement meublé 4 pièces 90 m² Marrakech  « Guéliz »
Marrakech,Guéliz,Appartement,14/03/2026,9000,90,Location,Appartement meublé 4 pièces 90 m² Marrakech  « Guéliz »
Marrakech,Guéliz,Appartement,12/03/2026,24000,800,Location,Appartement meublé 2 pièces 800 m² Marrakech  « Guéliz »
Marrakech,Guéliz,Appartement,12/03/2026,9000,90,Location,Appartement meublé 4 pièces 90 m² Marrakech  « Guéliz »
Marrakech,Guéliz,Appartement,09/03/2026,9000,90,Location,Appartement meublé 4 pièces 90 m² Marrakech  « Guéliz »
Marrakech,Guéliz,Appartement,09/03/2026,18000,40,Location,Appartement  2 pièces 40 m² Marrakech  « Guéliz »
Marrakech,Guéliz,Appartement,09/03/2026,18000,40,Location,Appartement meublé 2 pièces 40 m² Marrakech  « Guéliz »
Marrakech,Guéliz,Appartement,06/03/2026,24000,100,Location,Appartement meublé 3 pièces 100 m² Marrakech  « Guéliz »
Marrakech,Guéliz,Appartement,06/03/2026,18000,40,Location,Appartement  1 pièces 40 m² Marrakech  « Guéliz »
Marrakech,Non spécifié,Appartement,06/03/2026,18000,40,Location,Appartement  2 pièces 40 m² Marrakech
Marrakech,Guéliz,Appartement,05/03/2026,18000,90,Location,Appartement meublé 3 pièces 90 m² Marrakech  « Guéliz »
Marrakech,Guéliz,Appartement,28/02/2026,9000,77,Location,Appartement meublé 3 pièces 77 m² Marrakech  « Guéliz »
Marrakech,Palmeraie,Appartement,25/02/2026,15000,88,Location,Appartement  3 pièces 88 m² Marrakech  « Palmeraie »
Marrakech,Hivernage,Appartement,25/02/2026,13000,78,Location,Appartement  3 pièces 78 m² Marrakech  « Hivernage »
Marrakech,Guéliz,Appartement,24/02/2026,9000,88,Location,Appartement meublé 4 pièces 88 m² Marrakech  « Guéliz »
Marrakech,Guéliz,Appartement,20/02/2026,21000,40,Location,Appartement meublé 1 pièces 40 m² Marrakech  « Guéliz »
Marrakech,Route De Casablanca,Appartement,08/02/2026,4500,0,Location,Appartement  3 pièces 0 m² Marrakech  « Route De Casablanca »
Marrakech,Mabrouka,Appartement,07/02/2026,6000,55,Location,Appartement meublé 2 pièces 55 m² Marrakech  « Mabrouka »
Marrakech,Guéliz,Appartement,02/02/2026,7500,60,Location,Appartement  2 pièces 60 m² Marrakech  « Guéliz »
Marrakech,Guéliz,Appartement,02/02/2026,9800,65,Location,Appartement meublé 3 pièces 65 m² Marrakech  « Guéliz »
Tanger,Marjane,Appartement,02/05/2026,5500,0,Location,Appartement  3 pièces 0 m² Tanger  « Marjane »
Tanger,Centre Ville,Appartement,22/04/2026,36000,40,Location,Appartement  2 pièces 40 m² Tanger  « Centre Ville »
Tanger,Non spécifié,Appartement,22/04/2026,4000,100,Location,Appartement  4 pièces 100 m² Tanger
Tanger,Marjane,Appartement,21/04/2026,4000,0,Location,Appartement  3 pièces 0 m² Tanger  « Marjane »
Tanger,Marjane,Appartement,17/04/2026,10500,70,Location,Appartement meublé 3 pièces 70 m² Tanger  « Marjane »
Tanger,Ahlane,Appartement,15/04/2026,4500,78,Location,Appartement  3 pièces 78 m² Tanger  « Ahlane »
Tanger,Val Fleuri,Appartement,13/04/2026,3500,60,Location,Appartement  3 pièces 60 m² Tanger  « Val Fleuri »
Tanger,Marjane,Appartement,13/04/2026,6300,100,Location,Appartement meublé 4 pièces 100 m² Tanger  « Marjane »
Tanger,Malabata,Appartement,11/04/2026,11000,117,Location,Appartement meublé 3 pièces 117 m² Tanger  « Malabata »
Tanger,Hay Hassani,Appartement,10/04/2026,5000,73,Location,Appartement meublé 3 pièces 73 m² Tanger  « Hay Hassani »
Tanger,Mozart,Appartement,05/04/2026,24000,65,Location,Appartement  4 pièces 65 m² Tanger  « Mozart »
Tanger,Malabata,Appartement,31/03/2026,17000,100,Location,Appartement meublé 3 pièces 100 m² Tanger  « Malabata »
Tanger,Non spécifié,Appartement,27/03/2026,7500,104,Location,Appartement meublé 4 pièces 104 m² Tanger
Tanger,Castilla,Appartement,10/03/2026,5000,130,Location,Appartement  5 pièces 130 m² Tanger  « Castilla »
Tanger,Non spécifié,Appartement,05/03/2026,3500,55,Location,Appartement  3 pièces 55 m² Tanger
Tanger,Jbel Kbir,Appartement,04/03/2026,14600,160,Location,Appartement  5 pièces 160 m² Tanger  « Jbel Kbir »
Tanger,Mozart,Appartement,26/02/2026,6200,95,Location,Appartement  3 pièces 95 m² Tanger  « Mozart »
Tanger,Du Golf,Appartement,23/02/2026,5000,70,Location,Appartement meublé 3 pièces 70 m² Tanger  « Du Golf »
Tanger,Administratif,Appartement,13/02/2026,7000,90,Location,Appartement  3 pièces 90 m² Tanger  « Administratif »
Tanger,Marjane,Appartement,03/02/2026,5200,100,Location,Appartement meublé 4 pièces 100 m² Tanger  « Marjane »
Tanger,Centre Ville,Appartement,01/02/2026,10000,120,Location,Appartement meublé 3 pièces 120 m² Tanger  « Centre Ville »
Agadir,Non spécifié,Appartement,05/05/2026,12000,60,Location,Appartement  4 pièces 60 m² Agadir
Agadir,Non spécifié,Appartement,04/05/2026,15000,80,Location,Appartement  3 pièces 80 m² Agadir
Agadir,Haut-Founty,Appartement,01/05/2026,7300,85,Location,Appartement meublé 3 pièces 85 m² Agadir  « Haut-Founty »
Agadir,Anza,Appartement,20/04/2026,18000,64,Location,Appartement meublé 3 pièces 64 m² Agadir  « Anza »
Agadir,Non spécifié,Appartement,12/04/2026,9000,80,Location,Appartement  3 pièces 80 m² Agadir
Agadir,Non spécifié,Appartement,07/04/2026,11970,80,Location,Appartement  3 pièces 80 m² Agadir
Agadir,Non spécifié,Appartement,06/04/2026,10500,80,Location,Appartement  3 pièces 80 m² Agadir
Agadir,Non spécifié,Appartement,04/04/2026,10500,80,Location,Appartement  3 pièces 80 m² Agadir
Agadir,Non spécifié,Appartement,04/04/2026,9000,80,Location,Appartement  3 pièces 80 m² Agadir
Agadir,Non spécifié,Appartement,03/04/2026,10500,80,Location,Appartement  3 pièces 80 m² Agadir
Agadir,Non spécifié,Appartement,03/04/2026,9000,80,Location,Appartement  3 pièces 80 m² Agadir
Agadir,Non spécifié,Appartement,02/04/2026,10500,80,Location,Appartement  3 pièces 80 m² Agadir
Agadir,Non spécifié,Appartement,01/04/2026,11970,80,Location,Appartement  3 pièces 80 m² Agadir
Agadir,Non spécifié,Appartement,01/04/2026,12000,80,Location,Appartement  3 pièces 80 m² Agadir
Agadir,Non spécifié,Appartement,01/04/2026,12000,90,Location,Appartement  3 pièces 90 m² Agadir
Agadir,Non spécifié,Appartement,01/04/2026,15000,85,Location,Appartement meublé 3 pièces 85 m² Agadir
Agadir,Non spécifié,Appartement,01/04/2026,10500,80,Location,Appartement  3 pièces 80 m² Agadir
Agadir,Non spécifié,Appartement,31/03/2026,10500,80,Location,Appartement  3 pièces 80 m² Agadir
Agadir,Non spécifié,Appartement,31/03/2026,10500,70,Location,Appartement  3 pièces 70 m² Agadir
Agadir,Non spécifié,Appartement,31/03/2026,12000,80,Location,Appartement  3 pièces 80 m² Agadir
Agadir,Cité Adrar,Appartement,31/03/2026,3500,70,Location,Appartement  3 pièces 70 m² Agadir  « Cité Adrar »
Agadir,Non spécifié,Appartement,30/03/2026,13500,80,Location,Appartement  3 pièces 80 m² Agadir
Agadir,Non spécifié,Appartement,29/03/2026,10500,80,Location,Appartement  4 pièces 80 m² Agadir
Agadir,Non spécifié,Appartement,29/03/2026,12000,100,Location,Appartement  3 pièces 100 m² Agadir
Agadir,Non spécifié,Appartement,29/03/2026,400,80,Location,Appartement  3 pièces 80 m² Agadir
Agadir,Marina,Appartement,28/03/2026,39000,100,Location,Appartement  3 pièces 100 m² Agadir  « Marina »
Agadir,Marina,Appartement,28/03/2026,21000,75,Location,Appartement  2 pièces 75 m² Agadir  « Marina »
Agadir,Hay Mohammadi,Appartement,28/03/2026,12000,65,Location,Appartement  3 pièces 65 m² Agadir  « Hay Mohammadi »
Agadir,Non spécifié,Appartement,26/03/2026,12000,80,Location,Appartement  3 pièces 80 m² Agadir
Agadir,Founty,Appartement,26/03/2026,21000,110,Location,Appartement  3 pièces 110 m² Agadir  « Founty »
Agadir,Marina,Appartement,26/03/2026,24000,80,Location,Appartement  2 pièces 80 m² Agadir  « Marina »
Agadir,Hay Salam,Appartement,25/03/2026,9000,85,Location,Appartement  3 pièces 85 m² Agadir  « Hay Salam »
Agadir,Hay Salam,Appartement,22/03/2026,300,65,Location,Appartement meublé 3 pièces 65 m² Agadir  « Hay Salam »
Agadir,Non spécifié,Appartement,21/03/2026,9000,80,Location,Appartement  3 pièces 80 m² Agadir
Agadir,Non spécifié,Appartement,21/03/2026,7000,60,Location,Appartement  2 pièces 60 m² Agadir
Agadir,Non spécifié,Appartement,21/03/2026,11000,80,Location,Appartement  3 pièces 80 m² Agadir
Agadir,Non spécifié,Appartement,21/03/2026,8500,88,Location,Appartement  3 pièces 88 m² Agadir
Agadir,Sonaba,Appartement,20/03/2026,9000,100,Location,Appartement  2 pièces 100 m² Agadir  « Sonaba »
Agadir,Non spécifié,Appartement,20/03/2026,11970,130,Location,Appartement  3 pièces 130 m² Agadir
Agadir,Hay Mohammadi,Appartement,20/03/2026,14970,120,Location,Appartement  3 pièces 120 m² Agadir  « Hay Mohammadi »
Agadir,Non spécifié,Appartement,20/03/2026,11970,100,Location,Appartement  2 pièces 100 m² Agadir
Agadir,Centre Ville,Appartement,20/03/2026,13500,120,Location,Appartement  3 pièces 120 m² Agadir  « Centre Ville »
Agadir,Marina,Appartement,19/03/2026,11970,130,Location,Appartement  3 pièces 130 m² Agadir  « Marina »
Agadir,Hay Mohammadi,Appartement,19/03/2026,11970,100,Location,Appartement  2 pièces 100 m² Agadir  « Hay Mohammadi »
Agadir,Founty,Appartement,19/03/2026,14970,120,Location,Appartement meublé 3 pièces 120 m² Agadir  « Founty »
Agadir,Marina,Appartement,19/03/2026,14970,100,Location,Appartement meublé 2 pièces 100 m² Agadir  « Marina »
Agadir,Hay Massira,Appartement,08/03/2026,300000,93,Location,Appartement meublé 5 pièces 93 m² Agadir  « Hay Massira »
Agadir,Hay Mohammadi,Appartement,02/03/2026,5000,60,Location,Appartement meublé 3 pièces 60 m² Agadir  « Hay Mohammadi »
Meknès,Marjane 2,Appartement,01/05/2026,9000,60,Location,Appartement  3 pièces 60 m² Meknès  « Marjane 2 »
Meknès,Marjane 2,Appartement,21/04/2026,5500,85,Location,Appartement meublé 4 pièces 85 m² Meknès  « Marjane 2 »
Meknès,Non spécifié,Appartement,24/03/2026,3000,95,Location,Appartement  4 pièces 95 m² Meknès
Meknès,Marjane 2,Appartement,15/03/2026,9000,60,Location,Appartement  3 pièces 60 m² Meknès  « Marjane 2 »
Meknès,Marjane 2,Appartement,13/03/2026,9000,90,Location,Appartement meublé 3 pièces 90 m² Meknès  « Marjane 2 »
Meknès,Marjane 2,Appartement,27/02/2026,3500,60,Location,Appartement meublé 3 pièces 60 m² Meknès  « Marjane 2 »
Meknès,Marjane 2,Appartement,20/02/2026,9000,90,Location,Appartement meublé 3 pièces 90 m² Meknès  « Marjane 2 »
Meknès,Marjane 2,Appartement,10/02/2026,10500,130,Location,Appartement  4 pièces 130 m² Meknès  « Marjane 2 »
Oujda,Jawhara,Appartement,30/04/2026,2500,100,Location,Appartement  3 pièces 100 m² Oujda  « Jawhara »
Oujda,Boustane,Appartement,07/04/2026,2500,100,Location,Appartement  3 pièces 100 m² Oujda  « Boustane »
Oujda,Centre Ville,Appartement,06/04/2026,12000,100,Location,Appartement meublé 4 pièces 100 m² Oujda  « Centre Ville »
Oujda,Iris,Appartement,25/03/2026,9000,60,Location,Appartement meublé 3 pièces 60 m² Oujda  « Iris »
Oujda,Boustane,Appartement,14/03/2026,9000,110,Location,Appartement meublé 4 pièces 110 m² Oujda  « Boustane »
Oujda,Iris,Appartement,25/02/2026,9000,54,Location,Appartement  3 pièces 54 m² Oujda  « Iris »
Kénitra,Centre,Appartement,11/04/2026,12000,75,Location,Appartement  3 pièces 75 m² Kenitra  « Centre »
Kénitra,Maamora,Appartement,07/04/2026,4000,138,Location,Appartement  4 pièces 138 m² Kenitra  « Maamora »
Kénitra,Alliance,Appartement,18/03/2026,3800,105,Location,Appartement  3 pièces 105 m² Kenitra  « Alliance »
Kénitra,La Ville Haute,Appartement,13/03/2026,4000,120,Location,Appartement  4 pièces 120 m² Kenitra  « La Ville Haute »
Tétouan,Safir,Appartement,21/04/2026,3000,90,Location,Appartement  3 pièces 90 m² Tétouan  « Safir »
Tétouan,Al Azhar,Appartement,21/04/2026,4500,75,Location,Appartement meublé 3 pièces 75 m² Tétouan  « Al Azhar »
Tétouan,Non spécifié,Appartement,18/04/2026,10500,65,Location,Appartement   65 m² Tétouan
Tétouan,Non spécifié,Appartement,15/03/2026,7500,69,Location,Appartement meublé 3 pièces 69 m² Tétouan
Tétouan,Non spécifié,Appartement,04/03/2026,4000,90,Location,Appartement  3 pièces 90 m² Tétouan
Tétouan,Mhannech,Appartement,10/02/2026,4000,60,Location,Appartement meublé 3 pièces 60 m² Tétouan  « Mhannech »
Salé,Hay Karima,Appartement,29/04/2026,3000,60,Location,Appartement meublé 3 pièces 60 m² Salé  « Hay Karima »
Salé,Tabriquet,Appartement,28/04/2026,11500,85,Location,Appartement meublé 3 pièces 85 m² Salé  « Tabriquet »
Salé,Sidi Abdellah,Appartement,27/04/2026,10500,70,Location,Appartement meublé 4 pièces 70 m² Salé  « Sidi Abdellah »
Salé,Said Hajji,Appartement,08/04/2026,5000,60,Location,Appartement meublé 3 pièces 60 m² Salé  « Said Hajji »
Salé,Sala El Jadida,Appartement,21/02/2026,5000,120,Location,Appartement  4 pièces 120 m² Salé  « Sala El Jadida »
Salé,Sala El Jadida,Appartement,08/02/2026,3500,57,Location,Appartement  3 pièces 57 m² Salé  « Sala El Jadida »
Salé,Non spécifié,Appartement,04/02/2026,12000,90,Location,Appartement  3 pièces 90 m² Salé
Mohammedia,Non spécifié,Appartement,05/05/2026,21000,82,Location,Appartement meublé 3 pièces 82 m² Mohammedia
Mohammedia,Quartier Du Parc,Appartement,15/04/2026,15000,67,Location,Appartement meublé 2 pièces 67 m² Mohammedia  « Quartier Du Parc »
Mohammedia,Mimosas,Appartement,28/03/2026,5000,70,Location,Appartement meublé 3 pièces 70 m² Mohammedia  « Mimosas »
Mohammedia,Non spécifié,Appartement,01/03/2026,5000,50,Location,Appartement  2 pièces 50 m² Mohammedia
Nador,Harhoura,Appartement,01/05/2026,6000,72,Location,Appartement  3 pièces 72 m² Temara  « Harhoura »
Nador,Centre Ville,Appartement,01/05/2026,4300,78,Location,Appartement  3 pièces 78 m² Temara  « Centre Ville »
Nador,Wifak,Appartement,30/04/2026,4500,111,Location,Appartement  4 pièces 111 m² Temara  « Wifak »
Nador,Centre Ville,Appartement,25/04/2026,6500,62,Location,Appartement meublé 2 pièces 62 m² Temara  « Centre Ville »
Nador,Wifak,Appartement,14/04/2026,7000,80,Location,Appartement meublé 3 pièces 80 m² Temara  « Wifak »
Nador,Ain Atig,Appartement,30/03/2026,3800,69,Location,Appartement  3 pièces 69 m² Temara  « Ain Atig »
Nador,Val D'or,Appartement,23/02/2026,8000,128,Location,Appartement  3 pièces 128 m² Temara  « Val D'or »
Nador,Non spécifié,Appartement,16/02/2026,7000,100,Location,Appartement  2 pièces 100 m² Temara
Nador,Ain Atig,Appartement,09/02/2026,3500,65,Location,Appartement meublé 4 pièces 65 m² Temara  « Ain Atig »
Bouskoura,Non spécifié,Appartement,24/02/2026,30000,300,Location,Appartement  6 pièces 300 m² Bouskoura
Bouznika,Plage Oued Cherrat,Appartement,28/04/2026,48000,150,Location,Appartement  4 pièces 150 m² Bouznika  « Plage Oued Cherrat »
Bouznika,Non spécifié,Appartement,19/04/2026,15000,75,Location,Appartement meublé 3 pièces 75 m² Bouznika
Bouznika,Quartier Industriel,Appartement,09/04/2026,18000,74,Location,Appartement meublé 3 pièces 74 m² Bouznika  « Quartier Industriel »
Bouznika,Quartier Industriel,Appartement,08/04/2026,18000,74,Location,Appartement meublé 3 pièces 74 m² Bouznika  « Quartier Industriel »
Bouznika,Non spécifié,Appartement,16/03/2026,18000,74,Location,Appartement meublé 3 pièces 74 m² Bouznika
Bouznika,Non spécifié,Appartement,10/02/2026,18000,79,Location,Appartement meublé 3 pièces 79 m² Bouznika
Bouznika,Quartier Industriel,Appartement,07/02/2026,18000,65,Location,Appartement meublé 3 pièces 65 m² Bouznika  « Quartier Industriel »
Bouznika,Quartier Industriel,Appartement,01/02/2026,5000,64,Location,Appartement  4 pièces 64 m² Bouznika  « Quartier Industriel »
Bouznika,Non spécifié,Appartement,01/02/2026,4500,81,Location,Appartement meublé 3 pièces 81 m² Bouznika
Settat,Hay El Matar,Appartement,08/02/2026,3000,50,Location,Appartement meublé 1 pièces 50 m² Nador  « Hay El Matar »
Taza,Amal,Appartement,06/05/2026,5000,90,Location,Appartement  4 pièces 90 m² El jadida  « Amal »
Taza,Saada,Appartement,09/04/2026,4770,70,Location,Appartement  3 pièces 70 m² El jadida  « Saada »
Taza,Saada,Appartement,09/04/2026,4800,70,Location,Appartement  3 pièces 70 m² El jadida  « Saada »
Taza,Saada,Appartement,09/04/2026,4950,70,Location,Appartement  3 pièces 70 m² El jadida  « Saada »
Taza,Quartier Aérodrome,Appartement,04/04/2026,5000,83,Location,Appartement  3 pièces 83 m² El jadida  « Quartier Aérodrome »
Taza,Non spécifié,Appartement,30/03/2026,36000,92,Location,Appartement meublé 3 pièces 92 m² El jadida
Taza,Saada,Appartement,18/02/2026,4350,70,Location,Appartement  3 pièces 70 m² El jadida  « Saada »
Meknès,Hamria,Maison,15/04/2026,9000,100,Location,Maison meublé 3 pièces 100 m² Meknès  « Hamria »
Rabat,Les Ambassadeurs,Villa,03/04/2026,60000,500,Location,Villa  7 pièces 500 m² Rabat  « Les Ambassadeurs »
Rabat,Hay Riad,Villa,23/02/2026,55000,650,Location,Villa  6 pièces 650 m² Rabat  « Hay Riad »
Rabat,Agdal,Villa,23/02/2026,20000,300,Location,Villa  6 pièces 300 m² Rabat  « Agdal »
Rabat,Souissi,Villa,23/02/2026,45000,500,Location,Villa  5 pièces 500 m² Rabat  « Souissi »
Marrakech,Hay Targa,Villa,05/05/2026,30000,400,Location,Villa  4 pièces 400 m² Marrakech  « Hay Targa »
Marrakech,Sidi Abdellah Ghiat,Villa,28/04/2026,18000,80,Location,Villa meublé 3 pièces 80 m² Marrakech  « Sidi Abdellah Ghiat »
Bouskoura,Non spécifié,Villa,23/02/2026,30000,0,Location,Villa  7 pièces 0 m² Bouskoura
Bouznika,Non spécifié,Villa,24/04/2026,22000,700,Location,Villa meublé 7 pièces 700 m² Bouznika
Bouznika,Non spécifié,Villa,17/04/2026,2300,100,Location,Villa meublé 7 pièces 100 m² Bouznika
Casablanca,Bourgogne,Bureau,02/04/2026,10000,143,Location,Bureaux  2 pièces 143 m² Casablanca  « Bourgogne »
Casablanca,Errahma,Bureau,17/03/2026,7000,59,Location,Bureaux  1 pièces 59 m² Casablanca  « Errahma »
Casablanca,Non spécifié,Bureau,15/03/2026,13500,44,Location,Bureaux   44 m² Casablanca
Casablanca,Bourgogne,Bureau,09/03/2026,8000,50,Location,Bureaux  2 pièces 50 m² Casablanca  « Bourgogne »
Casablanca,Abdelmoumen,Bureau,27/02/2026,8000,56,Location,Bureaux  2 pièces 56 m² Casablanca  « Abdelmoumen »
Casablanca,Ain Sebaa,Bureau,03/02/2026,8000,66,Location,Bureaux  2 pièces 66 m² Casablanca  « Ain Sebaa »
Rabat,Agdal,Bureau,10/04/2026,150000,600,Location,Bureaux   600 m² Rabat  « Agdal »
Rabat,Agdal,Bureau,23/02/2026,35000,270,Location,Bureaux  2 pièces 270 m² Rabat  « Agdal »
Marrakech,Route De Casablanca,Bureau,25/02/2026,17000,125,Location,Bureaux   125 m² Marrakech  « Route De Casablanca »
Tanger,Non spécifié,Bureau,06/05/2026,7500,157,Location,Bureaux  4 pièces 157 m² Tanger
Tanger,Non spécifié,Bureau,05/05/2026,7500,90,Location,Bureaux  4 pièces 90 m² Tanger
Tanger,El Majd,Bureau,04/05/2026,12000,160,Location,Bureaux  6 pièces 160 m² Tanger  « El Majd »
Tanger,Non spécifié,Bureau,23/04/2026,4700,50,Location,Bureaux  3 pièces 50 m² Tanger
Agadir,El Houda,Bureau,08/02/2026,9000,80,Location,Bureaux  3 pièces 80 m² Agadir  « El Houda »
Agadir,Abattoirs,Bureau,06/02/2026,12400,124,Location,Bureaux meublé  124 m² Agadir  « Abattoirs »
Meknès,Hamria,Bureau,02/05/2026,3000,0,Location,Bureaux  3 pièces 0 m² Meknès  « Hamria »
Casablanca,Non spécifié,Local_Commercial,15/02/2026,15000,60,Location,Local commercial   60 m² Casablanca
Casablanca,Hôpitaux,Local_Commercial,14/02/2026,17000,111,Location,Local commercial   111 m² Casablanca  « Hôpitaux »
Casablanca,Hay Hassani,Local_Commercial,07/02/2026,5000,19,Location,Local commercial   19 m² Casablanca  « Hay Hassani »
Rabat,Hassan,Local_Commercial,17/04/2026,25000,326,Location,Local commercial   326 m² Rabat  « Hassan »
Marrakech,Iziki,Local_Commercial,08/03/2026,5000,56,Location,Local commercial   56 m² Marrakech  « Iziki »
Tanger,El Majd,Local_Commercial,04/05/2026,22000,125,Location,Local commercial   125 m² Tanger  « El Majd »
Tanger,Non spécifié,Local_Commercial,17/04/2026,1500,22,Location,Local commercial   22 m² Tanger
Tanger,Non spécifié,Local_Commercial,17/04/2026,16500,360,Location,Local commercial  2 pièces 360 m² Tanger
Tanger,Tanja Balia,Local_Commercial,01/04/2026,8000,90,Location,Local commercial   90 m² Tanger  « Tanja Balia »
Tanger,Non spécifié,Local_Commercial,25/03/2026,45000,500,Location,Local commercial  1 pièces 500 m² Tanger
Tanger,De La Plage,Local_Commercial,13/03/2026,35000,250,Location,Local commercial   250 m² Tanger  « De La Plage »
Tanger,Branes Kdima,Local_Commercial,23/02/2026,5000,90,Location,Local commercial   90 m² Tanger  « Branes Kdima »
Tanger,Non spécifié,Local_Commercial,03/02/2026,28000,220,Location,Local commercial   220 m² Tanger
Kénitra,Kasbat El Mehdia,Local_Commercial,30/03/2026,2500,10,Location,Local commercial   10 m² Kenitra  « Kasbat El Mehdia »
Kénitra,Bir Rami,Local_Commercial,19/03/2026,7000,63,Location,Local commercial   63 m² Kenitra  « Bir Rami »
Kénitra,Kasbat El Mehdia,Local_Commercial,12/03/2026,2000,2000,Location,Local commercial  2 pièces 2000 m² Kenitra  « Kasbat El Mehdia »
Béni Mellal,Non spécifié,Local_Commercial,18/02/2026,6000,25,Location,Local commercial   25 m² Khouribga
Casablanca,Sidi Maarouf,Maison,05/05/2026,2600000,84,à vendre,"5 chambre, 3 salon, avec Garage. Maison  8 pièces 84 m² Casablanca  « Sidi Maarouf »"
Casablanca,Al Fida,Maison,30/04/2026,600000,57,à vendre,"2 chambre, 1 salon. Maison  3 pièces 57 m² Casablanca  « Al Fida »"
Casablanca,Hay Mohammadi,Maison,23/04/2026,280000000,86,à vendre,Maison   86 m² Casablanca  « Hay Mohammadi »
Casablanca,Sbata,Maison,22/04/2026,1700000,69,à vendre,"7 chambre, 3 salon, avec Garage. Maison  10 pièces 69 m² Casablanca  « Sbata »"
Casablanca,Sbata,Maison,29/03/2026,1900000,192,à vendre,"5 chambre, 2 salon. Maison  7 pièces 192 m² Casablanca  « Sbata »"
Casablanca,Hay Hassani,Maison,02/03/2026,3800000,115,à vendre,"4 chambre, 2 salon, avec Garage. Maison  6 pièces 115 m² Casablanca  « Hay Hassani »"
Casablanca,Route D'azemmour,Maison,18/02/2026,2600000,160,à vendre,"2 chambre, 1 salon, avec Garage. Maison  3 pièces 160 m² Casablanca  « Route D'azemmour »"
Fès,Sehb El Ward,Maison,31/03/2026,100000,60,à vendre,"1 chambre, 1 salon. Maison  2 pièces 60 m² Fès  « Sehb El Ward »"
Marrakech,Route D'ourika,Maison,05/05/2026,1500000,90,à vendre,"5 chambre, avec Garage. Maison  5 pièces 90 m² Marrakech  « Route D'ourika »"
Marrakech,Non spécifié,Maison,27/04/2026,1400000,88,à vendre,"3 chambre, 2 salon. Maison  5 pièces 88 m² Marrakech"
Marrakech,Non spécifié,Maison,24/04/2026,650000,104,à vendre,"9 chambre, 3 salon, avec Garage. Maison  12 pièces 104 m² Marrakech"
Marrakech,Route De Casablanca,Maison,18/04/2026,1449998,79,à vendre,"3 chambre, 2 salon. Maison  5 pièces 79 m² Marrakech  « Route De Casablanca »"
Marrakech,Ancienne Médina,Maison,29/03/2026,1200000,76,à vendre,"3 chambre, 1 salon. Maison  4 pièces 76 m² Marrakech  « Ancienne Médina »"
Marrakech,Sidi Youssef Ben Ali,Maison,22/03/2026,1200000,200,à vendre,"3 chambre, 2 salon. Maison  5 pièces 200 m² Marrakech  « Sidi Youssef Ben Ali »"
Marrakech,Agdal,Maison,19/03/2026,2800000,243,à vendre,"3 chambre, 1 salon, avec Garage. Maison  4 pièces 243 m² Marrakech  « Agdal »"
Marrakech,Hay Annahda,Maison,15/03/2026,4000000,569,à vendre,"12 chambre, 5 salon, avec Garage. Maison  17 pièces 569 m² Marrakech  « Hay Annahda »"
Marrakech,Ancienne Médina,Maison,25/02/2026,2600000,70,à vendre,"5 chambre, 3 salon. Maison  8 pièces 70 m² Marrakech  « Ancienne Médina »"
Marrakech,Hay Al Bahja,Maison,20/02/2026,950000,82,à vendre,"9 chambre, 2 salon. Maison  11 pièces 82 m² Marrakech  « Hay Al Bahja »"
Tanger,Non spécifié,Maison,30/04/2026,1900000,100,à vendre,"1 chambre, 1 salon, avec Garage. Maison  2 pièces 100 m² Tanger"
Tanger,De La Plage,Maison,27/04/2026,2201600,172,à vendre,"4 chambre, 2 salon. Maison  6 pièces 172 m² Tanger  « De La Plage »"
Tanger,Casabarata,Maison,17/04/2026,850000,50,à vendre,"2 chambre, 3 salon. Maison  5 pièces 50 m² Tanger  « Casabarata »"
Tanger,De La Plage,Maison,11/03/2026,1950000,200,à vendre,"3 chambre, 3 salon. Maison meublé 6 pièces 200 m² Tanger  « De La Plage »"
Tanger,Centre Ville,Maison,10/03/2026,10000000,450,à vendre,"7 chambre, 1 salon. Maison  8 pièces 450 m² Tanger  « Centre Ville »"
Tanger,Ahammar,Maison,02/03/2026,1900000,128,à vendre,"6 chambre, 1 salon, avec Garage. Maison  7 pièces 128 m² Tanger  « Ahammar »"
Tanger,Tanja Balia,Maison,04/02/2026,2500000,84,à vendre,"3 chambre, 2 salon, avec Garage. Maison  5 pièces 84 m² Tanger  « Tanja Balia »"
Tanger,Non spécifié,Maison,01/02/2026,2100000,75,à vendre,"3 chambre, 3 salon, avec Garage. Maison  6 pièces 75 m² Tanger"
Agadir,Non spécifié,Maison,15/04/2026,1430000,100,à vendre,"6 chambre, 2 salon, avec Garage. Maison  8 pièces 100 m² Agadir"
Agadir,Lekhiam,Maison,24/02/2026,2300000,240,à vendre,"10 chambre, avec Garage. Maison  10 pièces 240 m² Agadir  « Lekhiam »"
Meknès,Wislane,Maison,27/03/2026,1500000,93,à vendre,"3 chambre, 1 salon. Maison  4 pièces 93 m² Meknès  « Wislane »"
Oujda,Non spécifié,Maison,12/04/2026,2500000,200,à vendre,"3 chambre, 1 salon, avec Garage. Maison  4 pièces 200 m² Oujda"
Oujda,Non spécifié,Maison,10/04/2026,480000,80,à vendre,"1 chambre, 1 salon. Maison  2 pièces 80 m² Oujda"
Oujda,Hay Zitoune,Maison,07/04/2026,1040000,210,à vendre,"3 chambre, 2 salon, avec Garage. Maison  5 pièces 210 m² Oujda  « Hay Zitoune »"
Oujda,Hay Lazaret,Maison,07/04/2026,700000,210,à vendre,"5 chambre, 1 salon. Maison  6 pièces 210 m² Oujda  « Hay Lazaret »"
Oujda,Hay Zitoune,Maison,07/04/2026,1100000,280,à vendre,"5 chambre, 3 salon. Maison  8 pièces 280 m² Oujda  « Hay Zitoune »"
Kénitra,Alliance,Maison,11/04/2026,1500000,110,à vendre,"3 chambre, 1 salon, avec Garage. Maison  4 pièces 110 m² Kenitra  « Alliance »"
Kénitra,Diour 10000,Maison,11/02/2026,650000,150,à vendre,"4 chambre, 1 salon. Maison  5 pièces 150 m² Kenitra  « Diour 10000 »"
Tétouan,Non spécifié,Maison,06/05/2026,18000000,160,à vendre,"2 chambre, 1 salon, avec Garage. Maison  3 pièces 160 m² Tétouan"
Tétouan,Touilaa,Maison,27/04/2026,3350000,100,à vendre,"2 chambre, 6 salon, avec Garage. Maison  8 pièces 100 m² Tétouan  « Touilaa »"
Salé,Tabriquet,Maison,22/04/2026,880000,110,à vendre,"2 chambre, 1 salon, avec Garage. Maison  3 pièces 110 m² Salé  « Tabriquet »"
Salé,Non spécifié,Maison,09/03/2026,6000000,554,à vendre,"2 chambre, 3 salon, avec Garage. Maison  5 pièces 554 m² Salé"
Salé,Bab Sebta,Maison,03/02/2026,950000,100,à vendre,"5 chambre, 2 salon. Maison  7 pièces 100 m² Salé  « Bab Sebta »"
Mohammedia,Hay Chabab,Maison,29/04/2026,1600000,100,à vendre,"10 chambre, 3 salon, avec Garage. Maison  13 pièces 100 m² Mohammedia  « Hay Chabab »"
Mohammedia,Al Qods,Maison,02/03/2026,450000,95,à vendre,"2 chambre, 1 salon. Maison  3 pièces 95 m² Mohammedia  « Al Qods »"
Nador,Maghreb Arabi,Maison,12/03/2026,3000000,65,à vendre,"6 chambre, 3 salon, avec Garage. Maison  9 pièces 65 m² Temara  « Maghreb Arabi »"
Settat,Laarassi,Maison,27/04/2026,1100000,90,à vendre,"3 chambre, 1 salon, avec Garage. Maison  4 pièces 90 m² Nador  « Laarassi »"
Berrechid,Non spécifié,Maison,16/02/2026,3750000,100,à vendre,"2 chambre, 3 salon, avec Garage. Maison meublé 5 pièces 100 m² Khemisset"
Taza,Non spécifié,Maison,04/04/2026,660000,70,à vendre,"3 chambre, 1 salon. Maison  4 pièces 70 m² El jadida"
Taza,Derb Sid Daoui,Maison,12/02/2026,850000,120,à vendre,"1 chambre, 2 salon. Maison meublé 3 pièces 120 m² El jadida  « Derb Sid Daoui »"
Casablanca,Route D'el Jadida,Villa,21/04/2026,2100000,245,à vendre,Villa   245 m² Casablanca  « Route D'el Jadida »
Casablanca,Franceville,Villa,14/04/2026,11500000,278,à vendre,"6 chambre, 1 salon. Villa  7 pièces 278 m² Casablanca  « Franceville »"
Casablanca,Sidi Bernoussi,Villa,07/04/2026,3600000,132,à vendre,"5 chambre, 4 salon. Villa meublé 9 pièces 132 m² Casablanca  « Sidi Bernoussi »"
Casablanca,Polo,Villa,13/03/2026,10800000,1200,à vendre,Villa   1200 m² Casablanca  « Polo »
Casablanca,Franceville,Villa,02/02/2026,13000000,278,à vendre,"6 chambre, 1 salon, avec Garage. Villa  7 pièces 278 m² Casablanca  « Franceville »"
Rabat,Agdal,Villa,30/04/2026,7900000,222,à vendre,"5 chambre, 3 salon, avec Garage. Villa  8 pièces 222 m² Rabat  « Agdal »"
Rabat,Guich Oudaya,Villa,24/02/2026,4500000,250,à vendre,"4 chambre, 2 salon, avec Garage. Villa  6 pièces 250 m² Rabat  « Guich Oudaya »"
Rabat,Souissi,Villa,23/02/2026,26000000,1000,à vendre,"6 chambre, 2 salon, avec Garage. Villa  8 pièces 1000 m² Rabat  « Souissi »"
Rabat,Non spécifié,Villa,19/02/2026,16500000,1100,à vendre,Villa   1100 m² Rabat
Rabat,Autre Secteur,Villa,11/02/2026,35000000,150,à vendre,"3 chambre, 4 salon, avec Garage. Villa  7 pièces 150 m² Rabat  « Autre Secteur »"
Rabat,Non spécifié,Villa,04/02/2026,3200000,160,à vendre,"4 chambre, 1 salon. Villa  5 pièces 160 m² Rabat"
Marrakech,Hay Targa,Villa,05/05/2026,9000000,570,à vendre,"6 chambre, 6 salon, avec Garage. Villa meublé 12 pièces 570 m² Marrakech  « Hay Targa »"
Marrakech,Targa,Villa,04/05/2026,3350000,316,à vendre,"6 chambre, 2 salon, avec Garage. Villa  8 pièces 316 m² Marrakech  « Targa »"
Marrakech,Non spécifié,Villa,23/04/2026,18445000,700,à vendre,"4 chambre, 2 salon, avec Garage. Villa  6 pièces 700 m² Marrakech"
Marrakech,Non spécifié,Villa,22/04/2026,3200000,360,à vendre,"3 chambre, 1 salon. Villa meublé 4 pièces 360 m² Marrakech"
Marrakech,Route D'ourika,Villa,14/04/2026,1750000,500,à vendre,"3 chambre, 2 salon. Villa  5 pièces 500 m² Marrakech  « Route D'ourika »"
Marrakech,Route D'ourika,Villa,05/04/2026,1950000,110,à vendre,"2 chambre, 2 salon, avec Garage. Villa  4 pièces 110 m² Marrakech  « Route D'ourika »"
Marrakech,Route D'ourika,Villa,05/04/2026,2600000,120,à vendre,"4 chambre, 2 salon, avec Garage. Villa  6 pièces 120 m² Marrakech  « Route D'ourika »"
Marrakech,El Afak,Villa,24/03/2026,1200000,115,à vendre,"3 chambre, 2 salon. Villa  5 pièces 115 m² Marrakech  « El Afak »"
Marrakech,Targa,Villa,08/02/2026,4700000,0,à vendre,"5 chambre, 3 salon, avec Garage. Villa  8 pièces 0 m² Marrakech  « Targa »"
Marrakech,Assif,Villa,07/02/2026,9800000,140,à vendre,"1 chambre, 1 salon, avec Garage. Villa  2 pièces 140 m² Marrakech  « Assif »"
Marrakech,Non spécifié,Villa,01/02/2026,1200000,430,à vendre,"4 chambre, 1 salon, avec Garage. Villa  5 pièces 430 m² Marrakech"
Tanger,Malabata,Villa,06/05/2026,6500000,500,à vendre,"4 chambre, 2 salon, avec Garage. Villa  6 pièces 500 m² Tanger  « Malabata »"
Tanger,Centre Ville,Villa,28/04/2026,5000000,500,à vendre,"4 chambre, 3 salon, avec Garage. Villa  7 pièces 500 m² Tanger  « Centre Ville »"
Tanger,Achakar,Villa,02/04/2026,5000000,300,à vendre,"4 chambre, 3 salon, avec Garage. Villa  7 pièces 300 m² Tanger  « Achakar »"
Tanger,Tanja Balia,Villa,14/03/2026,4950000,370,à vendre,"6 chambre, 4 salon, avec Garage. Villa  10 pièces 370 m² Tanger  « Tanja Balia »"
Tanger,Tanja Balia,Villa,14/03/2026,4000000,300,à vendre,"4 chambre, 2 salon, avec Garage. Villa  6 pièces 300 m² Tanger  « Tanja Balia »"
Tanger,De La Plage,Villa,13/03/2026,7700000,450,à vendre,"5 chambre, 3 salon, avec Garage. Villa  8 pièces 450 m² Tanger  « De La Plage »"
Tanger,Sania,Villa,05/03/2026,8300000,450,à vendre,"4 chambre, 4 salon, avec Garage. Villa  8 pièces 450 m² Tanger  « Sania »"
Tanger,Malabata,Villa,05/03/2026,7000000,400,à vendre,"6 chambre, 2 salon. Villa  8 pièces 400 m² Tanger  « Malabata »"
Tanger,Malabata,Villa,05/03/2026,7000000,330,à vendre,"3 chambre, 2 salon. Villa  5 pièces 330 m² Tanger  « Malabata »"
Tanger,Du Golf,Villa,03/03/2026,7500000,400,à vendre,"5 chambre, 3 salon, avec Garage. Villa meublé 8 pièces 400 m² Tanger  « Du Golf »"
Tanger,M'nar,Villa,02/03/2026,30000000,3000,à vendre,"6 chambre, 6 salon, avec Garage. Villa meublé 12 pièces 3000 m² Tanger  « M'nar »"
Tanger,M'nar,Villa,27/02/2026,6500000,400,à vendre,"3 chambre, 2 salon, avec Garage. Villa  5 pièces 400 m² Tanger  « M'nar »"
Tanger,Non spécifié,Villa,23/02/2026,20000000,1100,à vendre,"11 chambre, 6 salon, avec Garage. Villa  17 pièces 1100 m² Tanger"
Agadir,Drargua,Villa,08/04/2026,3360000,998,à vendre,"3 chambre, 1 salon, avec Garage. Villa meublé 4 pièces 998 m² Agadir  « Drargua »"
Meknès,Non spécifié,Villa,06/05/2026,4582900,473,à vendre,"5 chambre, 3 salon, avec Garage. Villa  8 pièces 473 m² Meknès"
Meknès,Non spécifié,Villa,19/03/2026,7800000,576,à vendre,"4 chambre, 2 salon. Villa  6 pièces 576 m² Meknès"
Kénitra,Bir Rami Est,Villa,09/04/2026,5000000,330,à vendre,"4 chambre, 4 salon. Villa  8 pièces 330 m² Kenitra  « Bir Rami Est »"
Tétouan,Non spécifié,Villa,29/04/2026,16000000,1000,à vendre,"4 chambre, 2 salon, avec Garage. Villa meublé 6 pièces 1000 m² Tétouan"
Salé,Sala El Jadida,Villa,02/04/2026,9600000,440,à vendre,"8 chambre, 2 salon, avec Garage. Villa meublé 10 pièces 440 m² Salé  « Sala El Jadida »"
Mohammedia,Non spécifié,Villa,06/02/2026,3600000,100,à vendre,"6 chambre, 2 salon, avec Garage. Villa  8 pièces 100 m² Mohammedia"
Nador,Harhoura,Villa,05/05/2026,5500000,392,à vendre,"6 chambre, 3 salon, avec Garage. Villa  9 pièces 392 m² Temara  « Harhoura »"
Nador,Harhoura,Villa,24/02/2026,7700000,300,à vendre,"4 chambre, 4 salon, avec Garage. Villa  8 pièces 300 m² Temara  « Harhoura »"
Nador,Harhoura,Villa,23/02/2026,6900000,450,à vendre,"5 chambre, 3 salon. Villa  8 pièces 450 m² Temara  « Harhoura »"
Nador,Ain Atig,Villa,10/02/2026,3900000,250,à vendre,"4 chambre, 3 salon. Villa  7 pièces 250 m² Temara  « Ain Atig »"
El Jadida,Non spécifié,Villa,12/02/2026,1800000,9000,à vendre,"4 chambre, 2 salon, avec Garage. Villa  6 pièces 9000 m² Beni mellal"
Taza,Non spécifié,Villa,26/04/2026,1600000,280,à vendre,"4 chambre, 3 salon, avec Garage. Villa meublé 7 pièces 280 m² El jadida"
Taza,Non spécifié,Villa,10/03/2026,1300000,100,à vendre,"2 chambre, 2 salon, avec Garage. Villa  4 pièces 100 m² El jadida"
Rabat,Les Oudayas,Riad,23/02/2026,3100000,140,à vendre,"3 chambre, 1 salon. Riad  4 pièces 140 m² Rabat  « Les Oudayas »"
Fès,Fes Jdid,Riad,22/03/2026,140,350,à vendre,"6 chambre, 4 salon. Riad meublé 10 pièces 350 m² Fès  « Fes Jdid »"
Marrakech,Ancienne Médina,Riad,26/02/2026,1200000,50,à vendre,"2 chambre, 1 salon. Riad  3 pièces 50 m² Marrakech  « Ancienne Médina »"
Marrakech,Ancienne Médina,Riad,25/02/2026,45600000,760,à vendre,"15 chambre, 6 salon. Riad  21 pièces 760 m² Marrakech  « Ancienne Médina »"
Marrakech,Non spécifié,Riad,02/02/2026,5000,126,à vendre,"4 chambre, 2 salon. Riad  6 pièces 126 m² Marrakech"
Casablanca,Bourgogne,Bureau,28/03/2026,760000,42,à vendre,"1 chambre, avec Garage. Bureaux  1 pièces 42 m² Casablanca  « Bourgogne »"
Casablanca,La Gironde,Bureau,20/03/2026,480000,55,à vendre,3 chambre. Bureaux  3 pièces 55 m² Casablanca  « La Gironde »
Casablanca,Roches Noires,Bureau,10/02/2026,754000,120,à vendre,"2 chambre, avec Garage. Bureaux  2 pièces 120 m² Casablanca  « Roches Noires »"
Rabat,Agdal,Bureau,12/03/2026,3650000,230,à vendre,Bureaux   230 m² Rabat  « Agdal »
Tanger,Al Mandar Al Jamil,Bureau,30/04/2026,1450000,76,à vendre,1 chambre. Bureaux  1 pièces 76 m² Tanger  « Al Mandar Al Jamil »
Tanger,Non spécifié,Bureau,22/04/2026,3200000,123,à vendre,"2 chambre, 1 salon. Bureaux meublé 3 pièces 123 m² Tanger"
Tanger,Non spécifié,Bureau,10/02/2026,330000,18,à vendre,Bureaux   18 m² Tanger
Tanger,Non spécifié,Bureau,10/02/2026,1920000,160,à vendre,7 chambre. Bureaux  7 pièces 160 m² Tanger
Casablanca,Non spécifié,Local_Commercial,08/03/2026,950000,80,à vendre,Local commercial   80 m² Casablanca
Casablanca,Maarif,Local_Commercial,26/02/2026,3700000,141,à vendre,Local commercial   141 m² Casablanca  « Maarif »
Casablanca,Maarif,Local_Commercial,05/02/2026,7000000,185,à vendre,avec Garage. Local commercial   185 m² Casablanca  « Maarif »
Rabat,Médina De Rabat,Local_Commercial,18/04/2026,1000000,28,à vendre,"1 chambre, 1 salon. Local commercial  2 pièces 28 m² Rabat  « Médina De Rabat »"
Rabat,Yacoub El Mansour,Local_Commercial,19/02/2026,6422000,169,à vendre,Local commercial   169 m² Rabat  « Yacoub El Mansour »
Marrakech,Non spécifié,Local_Commercial,06/05/2026,3800000,80,à vendre,"3 chambre, 3 salon. Local commercial  6 pièces 80 m² Marrakech"
Marrakech,Sidi Youssef Ben Ali,Local_Commercial,09/04/2026,980000,34,à vendre,Local commercial   34 m² Marrakech  « Sidi Youssef Ben Ali »
Marrakech,Massira 1,Local_Commercial,19/02/2026,1400000,10,à vendre,Local commercial   10 m² Marrakech  « Massira 1 »
Tanger,Iberie,Local_Commercial,10/03/2026,4500000,2000,à vendre,avec Garage. Local commercial   2000 m² Tanger  « Iberie »
Meknès,Marjane 2,Local_Commercial,28/03/2026,320000,30,à vendre,Local commercial   30 m² Meknès  « Marjane 2 »
Oujda,Najd,Local_Commercial,22/04/2026,1000000,176,à vendre,"2 chambre, 2 salon, avec Garage. Local commercial  4 pièces 176 m² Oujda  « Najd »"
Oujda,Non spécifié,Local_Commercial,12/02/2026,2500000,140,à vendre,Local commercial   140 m² Oujda
Kénitra,Alliance,Local_Commercial,16/04/2026,400000,45,à vendre,Local commercial   45 m² Kenitra  « Alliance »
Salé,Non spécifié,Local_Commercial,06/05/2026,450000,26,à vendre,"1 chambre, 1 salon, avec Garage. Local commercial  2 pièces 26 m² Salé"
Salé,Non spécifié,Local_Commercial,12/02/2026,2100000,110,à vendre,avec Garage. Local commercial   110 m² Salé
Mohammedia,Derb Lfath,Local_Commercial,21/02/2026,620000,84,à vendre,Local commercial   84 m² Mohammedia  « Derb Lfath »
Settat,Non spécifié,Local_Commercial,30/04/2026,550000,38,à vendre,avec Garage. Local commercial   38 m² Nador
Rabat,Non spécifié,Ferme,10/04/2026,3750000,40000,à vendre,Ferme   40000 m² Rabat
Marrakech,Route De Fès,Ferme,05/02/2026,3200000,220,à vendre,"5 chambre, 4 salon, avec Garage. Ferme  9 pièces 220 m² Marrakech  « Route De Fès »"
Oujda,Non spécifié,Ferme,23/04/2026,600000,80,à vendre,"3 chambre, 1 salon. Ferme  4 pièces 80 m² Oujda"
Mohammedia,Non spécifié,Ferme,13/04/2026,7800000,80000,à vendre,Ferme   80000 m² Mohammedia
Mohammedia,Zenata,Ferme,29/03/2026,3400000,350,à vendre,"6 chambre, 2 salon. Ferme  8 pièces 350 m² Mohammedia  « Zenata »"
Taza,Non spécifié,Ferme,17/02/2026,500000,150,à vendre,Ferme   150 m² El jadida
Casablanca,Hay Hassani,Terrain,18/04/2026,1300000,121,à vendre ,Terrain   121 m² Casablanca  « Hay Hassani »
Casablanca,Non spécifié,Terrain,17/04/2026,3140000,314,à vendre ,Terrain   314 m² Casablanca
Casablanca,Sidi Maarouf,Terrain,08/04/2026,2200,0,à vendre ,Terrain   0 m² Casablanca  « Sidi Maarouf »
Casablanca,Sidi Maarouf,Terrain,08/04/2026,4000,0,à vendre ,Terrain   0 m² Casablanca  « Sidi Maarouf »
Casablanca,Polo,Terrain,03/04/2026,12500,2700,à vendre ,Terrain  5 pièces 2700 m² Casablanca  « Polo »
Casablanca,Non spécifié,Terrain,16/03/2026,45,81,à vendre ,Terrain  4 pièces 81 m² Casablanca
Casablanca,Non spécifié,Terrain,28/02/2026,4150000,140,à vendre ,Terrain   140 m² Casablanca
Casablanca,Maarif,Terrain,27/02/2026,10340000,220,à vendre ,Terrain  2 pièces 220 m² Casablanca  « Maarif »
Rabat,Non spécifié,Terrain,07/03/2026,40000,500,à vendre ,Terrain   500 m² Rabat
Fès,Non spécifié,Terrain,05/04/2026,450000,0,à vendre ,Terrain   0 m² Fès
Fès,Non spécifié,Terrain,27/02/2026,1000000,10000,à vendre ,Terrain   10000 m² Fès
Marrakech,Non spécifié,Terrain,24/04/2026,500000,0,à vendre ,Terrain   0 m² Marrakech
Marrakech,Sidi Abdellah Ghiat,Terrain,20/04/2026,602000,2800,à vendre ,Terrain   2800 m² Marrakech  « Sidi Abdellah Ghiat »
Marrakech,Non spécifié,Terrain,15/04/2026,85000,13000,à vendre ,Terrain   13000 m² Marrakech
Marrakech,Palmeraie,Terrain,03/04/2026,2300000,484,à vendre ,Terrain   484 m² Marrakech  « Palmeraie »
Marrakech,Route D'ourika,Terrain,26/03/2026,5000000,400,à vendre ,Terrain  7 pièces 400 m² Marrakech  « Route D'ourika »
Marrakech,Ain Mezouar,Terrain,24/03/2026,1600000,288,à vendre ,Terrain   288 m² Marrakech  « Ain Mezouar »
Marrakech,Non spécifié,Terrain,12/03/2026,3130000,182,à vendre ,Terrain  7 pièces 182 m² Marrakech
Marrakech,Les Portes De Marrakech,Terrain,08/03/2026,2200000,413,à vendre ,Terrain  6 pièces 413 m² Marrakech  « Les Portes De Marrakech »
Marrakech,Route D'ourika,Terrain,09/02/2026,750000,99,à vendre ,Terrain   99 m² Marrakech  « Route D'ourika »
Marrakech,Route D'ourika,Terrain,07/02/2026,650000,1000,à vendre ,Terrain   1000 m² Marrakech  « Route D'ourika »
Marrakech,Route D'ourika,Terrain,06/02/2026,960000,2000,à vendre ,Terrain  1 pièces 2000 m² Marrakech  « Route D'ourika »
Tanger,Administratif,Terrain,06/05/2026,11600000,4000,à vendre ,Terrain   4000 m² Tanger  « Administratif »
Tanger,Non spécifié,Terrain,10/03/2026,2500000,1228,à vendre ,Terrain   1228 m² Tanger
Tanger,Achakar,Terrain,27/02/2026,1800000,503,à vendre ,Terrain   503 m² Tanger  « Achakar »
Tanger,Non spécifié,Terrain,27/02/2026,2900000,600,à vendre ,Terrain   600 m² Tanger
Tanger,Manar,Terrain,24/02/2026,2928000,366,à vendre ,Terrain   366 m² Tanger  « Manar »
Tanger,Malabata,Terrain,13/02/2026,2816000,220,à vendre ,Terrain   220 m² Tanger  « Malabata »
Tanger,Non spécifié,Terrain,12/02/2026,3850000,700,à vendre ,Terrain   700 m² Tanger
Tanger,Achakar,Terrain,12/02/2026,2000000,555,à vendre ,Terrain   555 m² Tanger  « Achakar »
Tanger,Achakar,Terrain,12/02/2026,2160000,216,à vendre ,Terrain   216 m² Tanger  « Achakar »
Agadir,Hay Mohammadi,Terrain,01/04/2026,3080000,154,à vendre ,Terrain   154 m² Agadir  « Hay Mohammadi »
Agadir,Non spécifié,Terrain,16/02/2026,1250000,500,à vendre ,Terrain   500 m² Agadir
Agadir,Non spécifié,Terrain,12/02/2026,980000,300,à vendre ,Terrain  10 pièces 300 m² Agadir
Agadir,Non spécifié,Terrain,10/02/2026,1600000,1666,à vendre ,Terrain   1666 m² Agadir
Agadir,Non spécifié,Terrain,02/02/2026,280000,200,à vendre ,Terrain   200 m² Agadir
Oujda,Village Toba,Terrain,04/05/2026,842000,153,à vendre ,Terrain   153 m² Oujda  « Village Toba »
Oujda,Hay El Qods,Terrain,03/05/2026,2106000,468,à vendre ,Terrain   468 m² Oujda  « Hay El Qods »
Oujda,Cgi,Terrain,19/04/2026,440000,110,à vendre ,Terrain   110 m² Oujda  « Cgi »
Oujda,Non spécifié,Terrain,25/03/2026,470000,188,à vendre ,Terrain   188 m² Oujda
Kénitra,El Haddada,Terrain,15/04/2026,2400000,450,à vendre ,Terrain   450 m² Kenitra  « El Haddada »
Kénitra,Alliance,Terrain,04/04/2026,1060000,281,à vendre ,Terrain   281 m² Kenitra  « Alliance »
Kénitra,El Haddada,Terrain,04/04/2026,2200000,387,à vendre ,Terrain   387 m² Kenitra  « El Haddada »
Kénitra,El Haddada,Terrain,04/04/2026,5600,400,à vendre ,Terrain   400 m² Kenitra  « El Haddada »
Nador,Non spécifié,Terrain,26/04/2026,1200000,360,à vendre ,Terrain   360 m² Temara
Nador,El Menzeh,Terrain,19/02/2026,30000000,20000,à vendre ,Terrain   20000 m² Temara  « El Menzeh »
Safi,Non spécifié,Terrain,13/03/2026,1000,180,à vendre ,Terrain   180 m² Laâyoune
Bouskoura,Non spécifié,Terrain,27/02/2026,800,4219,à vendre ,Terrain   4219 m² Bouskoura
Bouznika,Non spécifié,Terrain,04/03/2026,1260000,400,à vendre ,Terrain   400 m² Bouznika
Bouznika,Non spécifié,Terrain,09/02/2026,700000,130,à vendre ,Terrain  4 pièces 130 m² Bouznika
Dakhla,Non spécifié,Terrain,15/03/2026,6000000,2732,à vendre ,Terrain   2732 m² Ifrane
Taza,Non spécifié,Terrain,04/05/2026,500,144,à vendre ,Terrain  3 pièces 144 m² El jadida
Taza,Non spécifié,Terrain,04/05/2026,600,0,à vendre ,Terrain   0 m² El jadida
Taza,Non spécifié,Terrain,12/04/2026,1200000,156,à vendre ,Terrain   156 m² El jadida
Taza,Non spécifié,Terrain,19/03/2026,680000,4000,à vendre ,Terrain   4000 m² El jadida
Taza,Non spécifié,Terrain,21/02/2026,600000,12000,à vendre ,Terrain   12000 m² El jadida
Taza,Narjiss,Terrain,16/02/2026,150000000,50000,à vendre ,Terrain   50000 m² El jadida  « Narjiss »
Taza,Centre,Terrain,16/02/2026,19950000,5700,à vendre ,Terrain   5700 m² El jadida  « Centre »
